[
{
    "model": "contenttypes.contenttype",
    "fields": {
        "app_label": "admin",
        "model": "logentry"
    }
},
{
    "model": "contenttypes.contenttype",
    "fields": {
        "app_label": "auth",
        "model": "permission"
    }
},
{
    "model": "contenttypes.contenttype",
    "fields": {
        "app_label": "auth",
        "model": "group"
    }
},
{
    "model": "contenttypes.contenttype",
    "fields": {
        "app_label": "contenttypes",
        "model": "contenttype"
    }
},
{
    "model": "contenttypes.contenttype",
    "fields": {
        "app_label": "sessions",
        "model": "session"
    }
},
{
    "model": "contenttypes.contenttype",
    "fields": {
        "app_label": "account",
        "model": "user"
    }
},
{
    "model": "contenttypes.contenttype",
    "fields": {
        "app_label": "products",
        "model": "characteristic"
    }
},
{
    "model": "contenttypes.contenttype",
    "fields": {
        "app_label": "products",
        "model": "galleryimage"
    }
},
{
    "model": "contenttypes.contenttype",
    "fields": {
        "app_label": "products",
        "model": "heroimage"
    }
},
{
    "model": "contenttypes.contenttype",
    "fields": {
        "app_label": "products",
        "model": "order"
    }
},
{
    "model": "contenttypes.contenttype",
    "fields": {
        "app_label": "products",
        "model": "page"
    }
},
{
    "model": "contenttypes.contenttype",
    "fields": {
        "app_label": "products",
        "model": "product"
    }
},
{
    "model": "contenttypes.contenttype",
    "fields": {
        "app_label": "products",
        "model": "productcharacteristic"
    }
},
{
    "model": "contenttypes.contenttype",
    "fields": {
        "app_label": "products",
        "model": "favorite"
    }
},
{
    "model": "contenttypes.contenttype",
    "fields": {
        "app_label": "products",
        "model": "producttype"
    }
},
{
    "model": "contenttypes.contenttype",
    "fields": {
        "app_label": "products",
        "model": "characteristicvalue"
    }
},
{
    "model": "contenttypes.contenttype",
    "fields": {
        "app_label": "products",
        "model": "productimage"
    }
},
{
    "model": "contenttypes.contenttype",
    "fields": {
        "app_label": "products",
        "model": "newslettersubscriber"
    }
},
{
    "model": "contenttypes.contenttype",
    "fields": {
        "app_label": "products",
        "model": "orderitem"
    }
},
{
    "model": "sessions.session",
    "pk": "0h0t2cxekgxozlfuh7jhzomtqv7z3bc0",
    "fields": {
        "session_data": "e30:1sqdyO:8wbRkUxdVUYCVBkgtkJ72V2yYEDiwzJhedXiEIFjqLI",
        "expire_date": "2024-10-01T19:34:52.698Z"
    }
},
{
    "model": "sessions.session",
    "pk": "0m8qyy72r2f9z1mxc9zmknidcsre8kyj",
    "fields": {
        "session_data": "e30:1sqaiy:fzCuDv1IYpFaV5Fckl495ZaRZTbdBzVuYOQ9b18vf5s",
        "expire_date": "2024-10-01T16:06:44.868Z"
    }
},
{
    "model": "sessions.session",
    "pk": "0nvx72spbr3hfzpx1c9v04z3jm36bt3h",
    "fields": {
        "session_data": "e30:1sqolc:GEa8QoifbK5UqISvqV9_-QYutCeU8XB33zMHYTworOw",
        "expire_date": "2024-10-02T07:06:24.464Z"
    }
},
{
    "model": "sessions.session",
    "pk": "0qhd6q3hcgq3gxbx37gmtrqigeprdudc",
    "fields": {
        "session_data": "e30:1sqpKY:lvtk-rtRjgVLGOq_qeiY6Lk7nxIGLnSwy8YC1B15iRA",
        "expire_date": "2024-10-02T07:42:30.832Z"
    }
},
{
    "model": "sessions.session",
    "pk": "0qopui4j8ameq57pd18lixhcwmid6srk",
    "fields": {
        "session_data": "e30:1sqp1H:MvrNPxPs_fxs502wTQD0_T7zIhLlCDQQwdZr0ZgCamk",
        "expire_date": "2024-10-02T07:22:35.094Z"
    }
},
{
    "model": "sessions.session",
    "pk": "0shspc9ouoxsdd6xkmlzt8wbgpkppnhu",
    "fields": {
        "session_data": "e30:1sqojG:MFLHEoKupPMH877AnBxafhCMM7w4SKb3HxlLHkbgeZ4",
        "expire_date": "2024-10-02T07:03:58.111Z"
    }
},
{
    "model": "sessions.session",
    "pk": "1d0xaoqxmzcecnka9o1a5cws98uc0lgi",
    "fields": {
        "session_data": "e30:1sqfy8:Bne_RVblKJ0Jh952hr3SVtjtstBusRzT8UPe5wIiqzM",
        "expire_date": "2024-10-01T21:42:44.898Z"
    }
},
{
    "model": "sessions.session",
    "pk": "1frf70b5vtrvvw34icuyixfyubi47fbh",
    "fields": {
        "session_data": "e30:1sqpoO:-woANe92Q3z_yHvBkM2uy4YlTqo1-1oSJ4aoJQZC4tM",
        "expire_date": "2024-10-02T08:13:20.864Z"
    }
},
{
    "model": "sessions.session",
    "pk": "1hgnbhlxlj6391ahj272jjdmbeqqfyue",
    "fields": {
        "session_data": "e30:1sqdzN:5IOOn0cmXOuIKkqf-9pOZmomEkpvHfEk93BlNTsH5z0",
        "expire_date": "2024-10-01T19:35:53.848Z"
    }
},
{
    "model": "sessions.session",
    "pk": "1pvbcq3k55w6709musj8x08kbt0a0742",
    "fields": {
        "session_data": "e30:1sqdqr:CUg5Qr39QzP_JMktbSqIHgMSkzowmfl6vDzzfrb31tE",
        "expire_date": "2024-10-01T19:27:05.596Z"
    }
},
{
    "model": "sessions.session",
    "pk": "1v5t0wktpjb6egxluxprndoks4x9gtr8",
    "fields": {
        "session_data": ".eJxVjEEOwiAQRe_C2pAChWFcuvcMZBhAqoYmpV0Z765NutDtf-_9lwi0rTVsPS9hSuIstDj9bpH4kdsO0p3abZY8t3WZotwVedAur3PKz8vh_h1U6vVbj-gYkSMgQlHoNQ6kHBhC6ywzlzTonLTxaAnAQ1SKcyEcExpXDIv3B80TN6M:1szMWk:21v9OLBAGALIBHAFd3_Jl-P0p-wlKDjqZ-o2ihA9YCw",
        "expire_date": "2024-10-25T20:46:22.924Z"
    }
},
{
    "model": "sessions.session",
    "pk": "1zov01s6dj9tfzqzchiblpq6wi9d6xw6",
    "fields": {
        "session_data": "e30:1tjm5L:w4H3GD6lOyIjINUWhWSF_CJTse7fFPdsdTwHjbbg8so",
        "expire_date": "2025-03-02T21:21:55.895Z"
    }
},
{
    "model": "sessions.session",
    "pk": "2695sx270mw1efkk744hhd93ijdk3wlq",
    "fields": {
        "session_data": "e30:1sqpok:wSP2H0iTr5KUz3gSVQE4ftH2_hw73Jx9QAm9V967hDg",
        "expire_date": "2024-10-02T08:13:42.919Z"
    }
},
{
    "model": "sessions.session",
    "pk": "2a302uyax5zxr2sj96dx01swjhk7mupq",
    "fields": {
        "session_data": "e30:1sqfuZ:GijSKaJxOPowGoA6EsI1rx6zUmQYfSxSyERz6KEyrd0",
        "expire_date": "2024-10-01T21:39:03.649Z"
    }
},
{
    "model": "sessions.session",
    "pk": "2hownghkxwhttlwdrclmqd3w57ecjt0t",
    "fields": {
        "session_data": "e30:1sqpBx:jjOwZGnmUnt27vMIOAjFedtpAwxU7skhl8cKGto1hi8",
        "expire_date": "2024-10-02T07:33:37.688Z"
    }
},
{
    "model": "sessions.session",
    "pk": "2jmgbxqkh1zrmqkvzshzl5yk69wgoiqy",
    "fields": {
        "session_data": "e30:1sqdd7:ZNX5u5it8twhryHwwM9joj_-3dFqyMpYjm5ScD2RTuo",
        "expire_date": "2024-10-01T19:12:53.613Z"
    }
},
{
    "model": "sessions.session",
    "pk": "2nd6r4gtpvyhzk63x6jo736r6p0g5v7v",
    "fields": {
        "session_data": "e30:1sqdsF:CxQMA-VTuxK1h-NIC4AqnseZ7e6a4begxkeUHRPCYJM",
        "expire_date": "2024-10-01T19:28:31.602Z"
    }
},
{
    "model": "sessions.session",
    "pk": "2p66ddjgp92vj74zmiy2fbe078rjxgrc",
    "fields": {
        "session_data": "e30:1tlrRM:OfSBXBG_Z2yWtq-tolI5578KFo-B8vsgRXcu-XdDa78",
        "expire_date": "2025-03-08T15:29:16.082Z"
    }
},
{
    "model": "sessions.session",
    "pk": "2q343qf1q4w2yks56xz5rqr29s92x1e9",
    "fields": {
        "session_data": "e30:1sqdrR:jIfn_D1en1j0DO5zUXXvVeLgGytlKYKGZW-MCGDNHqw",
        "expire_date": "2024-10-01T19:27:41.093Z"
    }
},
{
    "model": "sessions.session",
    "pk": "2qdgooavwff20cgsw89mlsyp8zv13kri",
    "fields": {
        "session_data": "e30:1sqdsw:X-sN9tZiH6w0sMLzzgunYHppgcCR27bPfaKi6tH7bec",
        "expire_date": "2024-10-01T19:29:14.056Z"
    }
},
{
    "model": "sessions.session",
    "pk": "2rtod4epioxm69k0envoocbgmqu5h8jv",
    "fields": {
        "session_data": "e30:1sqpBi:Lp0MewTH2wm7YDHmefG9SHYFCCQ2MWZl8xTDYtDJBb4",
        "expire_date": "2024-10-02T07:33:22.838Z"
    }
},
{
    "model": "sessions.session",
    "pk": "2tp42jmaqv4ypspzt3pu5fnbmwg737yy",
    "fields": {
        "session_data": "e30:1sqpoO:-woANe92Q3z_yHvBkM2uy4YlTqo1-1oSJ4aoJQZC4tM",
        "expire_date": "2024-10-02T08:13:20.887Z"
    }
},
{
    "model": "sessions.session",
    "pk": "2ysv1yj0fdpgfu6bzdml22c2v35f420l",
    "fields": {
        "session_data": "e30:1sqprR:eBrgUqb9YqMYDF-d9WJ5V-VnXYCXgfKpJ0Ires5ZVck",
        "expire_date": "2024-10-02T08:16:29.250Z"
    }
},
{
    "model": "sessions.session",
    "pk": "30mdc04ne45e6vxvzduyso3cbk8u9pmz",
    "fields": {
        "session_data": "e30:1sqolB:wVODKG7PMEOM22cIbnC7UpFYGAeFqIG-yTm4UrN7y8w",
        "expire_date": "2024-10-02T07:05:57.352Z"
    }
},
{
    "model": "sessions.session",
    "pk": "3188jih8ojw1ti4oms8y94t7nbbd0dxs",
    "fields": {
        "session_data": "e30:1tlrRM:OfSBXBG_Z2yWtq-tolI5578KFo-B8vsgRXcu-XdDa78",
        "expire_date": "2025-03-08T15:29:16.139Z"
    }
},
{
    "model": "sessions.session",
    "pk": "33mi8j5g0jkjzkopzt4q7tf6g8a1st6y",
    "fields": {
        "session_data": "e30:1sqe0D:VTtiC5G7nGuEFX3MbD0BDJomSZ-yj-_K4EHajRqhIS0",
        "expire_date": "2024-10-01T19:36:45.558Z"
    }
},
{
    "model": "sessions.session",
    "pk": "35gkwssgglkgzodv6n4op4cf9yql6zo0",
    "fields": {
        "session_data": "e30:1sqfwz:ahDbZZnHr3FBm9HndycyCqux7MZxwhkUVwqH4xycRNY",
        "expire_date": "2024-10-01T21:41:33.872Z"
    }
},
{
    "model": "sessions.session",
    "pk": "36t6972m7490pmffcpucv76di3y58ciw",
    "fields": {
        "session_data": "e30:1suabZ:3iExzouMWW3GVhydiZtdavmbqG8hUE9B2zrotuR2-pk",
        "expire_date": "2024-10-12T16:47:37.792Z"
    }
},
{
    "model": "sessions.session",
    "pk": "3f7veg1r99pybvmak12mu3hpmuokb800",
    "fields": {
        "session_data": "e30:1sqpgO:CY5FXwLA3wBBsX-rP1vLxUEjeziQv4K6KmYm3CVUkAc",
        "expire_date": "2024-10-02T08:05:04.637Z"
    }
},
{
    "model": "sessions.session",
    "pk": "3mfmx3v054sdykj8mik55x3gro4jwd2m",
    "fields": {
        "session_data": "e30:1sqdyL:A29hIr2CfWqR42MU_oKBjBoPNptrGNOTsxQvVjB2Rbk",
        "expire_date": "2024-10-01T19:34:49.228Z"
    }
},
{
    "model": "sessions.session",
    "pk": "3t28s84eqk1oqglpym8lk7v7mmsqdgip",
    "fields": {
        "session_data": "e30:1sqolX:YCnTCWRsloBPbe9HFAk9R1G25k22245qtUt7JDZmo14",
        "expire_date": "2024-10-02T07:06:19.044Z"
    }
},
{
    "model": "sessions.session",
    "pk": "3zn15gex7amek1wbteyqbv4kpf3fcsp3",
    "fields": {
        "session_data": "e30:1sqfwd:56phD7jjCWIibhBtyd_0WwMmQKN-WONQt-r_cT1TuDs",
        "expire_date": "2024-10-01T21:41:11.889Z"
    }
},
{
    "model": "sessions.session",
    "pk": "4abcjnkdts9j155vii54gmu6ew7k2lvp",
    "fields": {
        "session_data": "e30:1sqfyG:LH43l5dVBKqjfNIHfMy2Y-Q2TZgfMxoTMHREF6QnojE",
        "expire_date": "2024-10-01T21:42:52.049Z"
    }
},
{
    "model": "sessions.session",
    "pk": "4edljajrfofy2dndpw0m55kpvrn036gi",
    "fields": {
        "session_data": "e30:1sqpBi:Lp0MewTH2wm7YDHmefG9SHYFCCQ2MWZl8xTDYtDJBb4",
        "expire_date": "2024-10-02T07:33:22.864Z"
    }
},
{
    "model": "sessions.session",
    "pk": "4zc75mhzj3qgke2edb5e4bbvg83jojiz",
    "fields": {
        "session_data": "e30:1sqol8:j1YWwEGYgD3SrcOMLJlS9j4looOrt99ZjSY5l7w3QkI",
        "expire_date": "2024-10-02T07:05:54.924Z"
    }
},
{
    "model": "sessions.session",
    "pk": "524v3mjsht97phogqzx0ihhla3n3ioqh",
    "fields": {
        "session_data": "e30:1sqee8:3RkBW8j0b8PwVKPePVMrNhETB_jctpO_Id1_hKJXk_Q",
        "expire_date": "2024-10-01T20:18:00.938Z"
    }
},
{
    "model": "sessions.session",
    "pk": "55s07je8pzby9p1skrl4cf3wavk7iiip",
    "fields": {
        "session_data": "e30:1sqajV:lQZNh29Tn-vP40osLLFqFZFEksVecE-J-u-Ar0tPvpU",
        "expire_date": "2024-10-01T16:07:17.096Z"
    }
},
{
    "model": "sessions.session",
    "pk": "5f3mvw8947cmd9ueu3ldj94bny0ej8rn",
    "fields": {
        "session_data": "e30:1trIhK:xzXm3wFFkO04HJt01IX4bsvTInARSfT5xRDhwcyjx7s",
        "expire_date": "2025-03-23T15:36:14.917Z"
    }
},
{
    "model": "sessions.session",
    "pk": "5pm43axraeulkf37ur05mo6pbkbfpa7o",
    "fields": {
        "session_data": "e30:1sqoyo:XnGRT51q2BvIYsp6B3OjB7mKrGcSbpWKxPf8ME0lMGs",
        "expire_date": "2024-10-02T07:20:02.900Z"
    }
},
{
    "model": "sessions.session",
    "pk": "5u8zk0gzg2jq4s086ufexjk5zhyp3ksg",
    "fields": {
        "session_data": "e30:1sqovB:0nc33SK1O_fT-UTE7DnXiZDVXMla_1YWxM9Q89gjHJY",
        "expire_date": "2024-10-02T07:16:17.806Z"
    }
},
{
    "model": "sessions.session",
    "pk": "61pjfbiape8o02amlgjns2nythchtguc",
    "fields": {
        "session_data": "e30:1sqfQ8:DnHxzbMGGzw6DjoeqAEGPMFgIObBl-1_05mE5YZb500",
        "expire_date": "2024-10-01T21:07:36.872Z"
    }
},
{
    "model": "sessions.session",
    "pk": "66jny3m4m37viavbv84fjo2lxqxhjh6p",
    "fields": {
        "session_data": "e30:1suv98:-APDoInBmAW__2_CCXBs2ULe4Ug-ESNyybpKzt1nlJw",
        "expire_date": "2024-10-13T14:43:38.549Z"
    }
},
{
    "model": "sessions.session",
    "pk": "68f963rm6ivx1up4lv2di2285h24tdpe",
    "fields": {
        "session_data": "e30:1sqoyw:psvp7kYN3oJ3jzsNC2KP_Dn0D_4vZX06uJvls6-pRm0",
        "expire_date": "2024-10-02T07:20:10.393Z"
    }
},
{
    "model": "sessions.session",
    "pk": "6cdnnb8wcf8z93qnt1o9gm1fbfmgoha0",
    "fields": {
        "session_data": "e30:1sqpnp:7cbIqKp9wbOiC7YtLLA0szYpYBM3kJbzzXQ_3PBkPNA",
        "expire_date": "2024-10-02T08:12:45.346Z"
    }
},
{
    "model": "sessions.session",
    "pk": "6g9pozwtjk4vo374alt57e0gnmuwljea",
    "fields": {
        "session_data": "e30:1sqpf6:xwYFbP2vjo8ixVjbhqSdDu1tf8PwPKRSEUdHWEL1hco",
        "expire_date": "2024-10-02T08:03:44.505Z"
    }
},
{
    "model": "sessions.session",
    "pk": "6k782n6oqkbn1yb1evlxvn0rb6cym36f",
    "fields": {
        "session_data": "e30:1sqfUl:8gQVUBnncem3fh-XNAPwi0-fQzFY5LgQw4G1YBCitto",
        "expire_date": "2024-10-01T21:12:23.986Z"
    }
},
{
    "model": "sessions.session",
    "pk": "6kgv3vpt0t53w3yiegji1rtqakek3pre",
    "fields": {
        "session_data": "e30:1sqfqY:hdZOJq5p9vMBlzAhZTIY8WRO0Vh3oei51Ppe8SlUg1g",
        "expire_date": "2024-10-01T21:34:54.666Z"
    }
},
{
    "model": "sessions.session",
    "pk": "6rxewev7agix07td20shfj94rz22pkjt",
    "fields": {
        "session_data": "e30:1sqozP:wvK09LkmhjZFe3nW3xSbt5WPYPVwpA8Tsc0A3QBPsS0",
        "expire_date": "2024-10-02T07:20:39.123Z"
    }
},
{
    "model": "sessions.session",
    "pk": "6upkhklpt2n2n2lravhajtyt7l9p1eor",
    "fields": {
        "session_data": "e30:1sqdsz:mu8ldQEXIgd8RqSj-LPPBgDlIYx49kCpwV5lrqG0X4g",
        "expire_date": "2024-10-01T19:29:17.563Z"
    }
},
{
    "model": "sessions.session",
    "pk": "71dk0614oj30qq1ncr0n82hmfwvr7xlx",
    "fields": {
        "session_data": "e30:1sqozi:6iebxVffGuOnngEj2cDSbDFhC13GupOVxnyRrSCNmYk",
        "expire_date": "2024-10-02T07:20:58.560Z"
    }
},
{
    "model": "sessions.session",
    "pk": "71uam17mxhnyfhkalzkelgk8100iklha",
    "fields": {
        "session_data": "e30:1sqdy4:xKTxenhXVUGSCA_pypvfEOerNPZOIqtg8BbbRaNQmc4",
        "expire_date": "2024-10-01T19:34:32.324Z"
    }
},
{
    "model": "sessions.session",
    "pk": "72p98pujyvsv7qw3de6qk0t1nys4o41n",
    "fields": {
        "session_data": "e30:1sqdsz:mu8ldQEXIgd8RqSj-LPPBgDlIYx49kCpwV5lrqG0X4g",
        "expire_date": "2024-10-01T19:29:17.493Z"
    }
},
{
    "model": "sessions.session",
    "pk": "78deluqfjwz7lkbey36c9oh58v2t33ab",
    "fields": {
        "session_data": "e30:1sqaj7:Z-tOe60d0-T7npUsIvOYC74LygNqgsC-k6S5IIszCMo",
        "expire_date": "2024-10-01T16:06:53.799Z"
    }
},
{
    "model": "sessions.session",
    "pk": "79sit1lgjn405ia9yeh18mjbw4zfwec5",
    "fields": {
        "session_data": "e30:1sqdy4:xKTxenhXVUGSCA_pypvfEOerNPZOIqtg8BbbRaNQmc4",
        "expire_date": "2024-10-01T19:34:32.325Z"
    }
},
{
    "model": "sessions.session",
    "pk": "817r9dyeskhf6guh505ddtm58yh8if1p",
    "fields": {
        "session_data": "e30:1suv9D:NaOecacIxRHylBpLBQ0Onr1a3qKGgl6q3rMHQ2JN2hQ",
        "expire_date": "2024-10-13T14:43:43.314Z"
    }
},
{
    "model": "sessions.session",
    "pk": "8b3u4u0096pspzkhz1vb32j9x7r66sjs",
    "fields": {
        "session_data": "e30:1suaba:q9ss_9x5ljGivNr24eWhrcmkgKxvSha2uLCMa0w7m2w",
        "expire_date": "2024-10-12T16:47:38.872Z"
    }
},
{
    "model": "sessions.session",
    "pk": "8d28re65fz7orhxmewjeqk5s24tia2r4",
    "fields": {
        "session_data": "e30:1sqef0:ciFqfE3Pi4Es5sEnaAlk86FOHQrfjSN25sFTX5dGjcA",
        "expire_date": "2024-10-01T20:18:54.768Z"
    }
},
{
    "model": "sessions.session",
    "pk": "8e1z0hmjewj1laphkug742qlp61ffxfe",
    "fields": {
        "session_data": "e30:1sqpOR:xUrg-kDOygb4wJvy8QQvXFevBa942X7XkNQoCjfs4o4",
        "expire_date": "2024-10-02T07:46:31.261Z"
    }
},
{
    "model": "sessions.session",
    "pk": "8j3mo3zk06tigg8ub6ubzz026h8xofk7",
    "fields": {
        "session_data": "e30:1sqps2:f3fb9OgD93JQ5uB3JTltnEo6Jqn4yz5wZvVFIdzErUw",
        "expire_date": "2024-10-02T08:17:06.996Z"
    }
},
{
    "model": "sessions.session",
    "pk": "8medb3suguncxk25i0rugguhwb1qf2t3",
    "fields": {
        "session_data": "e30:1sqpUc:jwDpZfYLGPN8834TnQrcon62ugkbIphN_6L9VMIIK80",
        "expire_date": "2024-10-02T07:52:54.581Z"
    }
},
{
    "model": "sessions.session",
    "pk": "8p8sh5lyops5ocjrp2u1jj7n78hbujug",
    "fields": {
        "session_data": "e30:1sqpHG:p-Ldi33Rzek2sVNVqIamgSZdRsMgTLyaBK7VvKHxz18",
        "expire_date": "2024-10-02T07:39:06.491Z"
    }
},
{
    "model": "sessions.session",
    "pk": "8tvea4q5k7v1broeikl6aa789y189a3s",
    "fields": {
        "session_data": "e30:1sqolI:zbLljttVfZjK4K9z1iLw_xGWFaDDMvIjct_0JpsuBC8",
        "expire_date": "2024-10-02T07:06:04.662Z"
    }
},
{
    "model": "sessions.session",
    "pk": "957idfwypaf318kjsnnb18tjb0hujomu",
    "fields": {
        "session_data": "e30:1sqfvc:S8W3CntjObq7esAsgUXUd9lf6i_0enF-P-6nTFlcjLQ",
        "expire_date": "2024-10-01T21:40:08.828Z"
    }
},
{
    "model": "sessions.session",
    "pk": "97cigt619fs3306wklio57go5igndlyo",
    "fields": {
        "session_data": "e30:1sqduI:nMANHmKbTfdk5LAWjv3D7Y2F6ynolaVIaOaOVhPz7SQ",
        "expire_date": "2024-10-01T19:30:38.337Z"
    }
},
{
    "model": "sessions.session",
    "pk": "97jyqc1oo3vjuvqs7jzzllwrcbvfobrh",
    "fields": {
        "session_data": "e30:1sqozN:VSD0xzR22w8kGEkUHuiJHz_RuMF4kYER-mCNiicHVGE",
        "expire_date": "2024-10-02T07:20:37.218Z"
    }
},
{
    "model": "sessions.session",
    "pk": "9k137ign7vrv29c57jydsx5lgn35jthi",
    "fields": {
        "session_data": "e30:1sqdsC:NH_VAlA_gXl_a0_IuDqz0WlHvPDw_cd4qoSI-Wk2t8Y",
        "expire_date": "2024-10-01T19:28:28.989Z"
    }
},
{
    "model": "sessions.session",
    "pk": "9njkdr83cpa9fbg33l5maqhps6to22nm",
    "fields": {
        "session_data": "e30:1sqoks:c6B4SsFs9wFEI1G3_IEvVetfwewMhlsv2DscFa8rIgs",
        "expire_date": "2024-10-02T07:05:38.865Z"
    }
},
{
    "model": "sessions.session",
    "pk": "9ntu6j59fr90f9nkdqqi0b2yof2imaq5",
    "fields": {
        "session_data": "e30:1tlrRM:OfSBXBG_Z2yWtq-tolI5578KFo-B8vsgRXcu-XdDa78",
        "expire_date": "2025-03-08T15:29:16.062Z"
    }
},
{
    "model": "sessions.session",
    "pk": "9nvsngh9jzooniis3q3ttr0hv9mp4tpe",
    "fields": {
        "session_data": "e30:1sqdrR:jIfn_D1en1j0DO5zUXXvVeLgGytlKYKGZW-MCGDNHqw",
        "expire_date": "2024-10-01T19:27:41.132Z"
    }
},
{
    "model": "sessions.session",
    "pk": "aup77k9pvc0z8jqf2f7oskcu4g5sh471",
    "fields": {
        "session_data": "e30:1sqpDY:yppwyc5OK3kKK0JxAvapaSqXjMZWz22j4qQsMVzaXlI",
        "expire_date": "2024-10-02T07:35:16.348Z"
    }
},
{
    "model": "sessions.session",
    "pk": "aveooho47oevnl1pmkp1cbg2c5j3c81x",
    "fields": {
        "session_data": "e30:1trN1H:Y3J3iP8qepMicDFiGtBkHTo47SxogOU7SV3geAGgKCI",
        "expire_date": "2025-03-23T20:13:07.158Z"
    }
},
{
    "model": "sessions.session",
    "pk": "b43z6i76mk8w6nzkshcbpt6npwm3ofr8",
    "fields": {
        "session_data": "e30:1sqfwQ:-8eWHFE7LMt2iM9mZ00f5FNiy1vgZRlK8UilByaTJq4",
        "expire_date": "2024-10-01T21:40:58.258Z"
    }
},
{
    "model": "sessions.session",
    "pk": "bfwlaf45ssjvx94xhgtrdtcxukfvaeyc",
    "fields": {
        "session_data": "e30:1sqfHz:EJFceIZqk8eYspxTGNfpM1i6d_WsOVqpyQRp-TMjY2c",
        "expire_date": "2024-10-01T20:59:11.343Z"
    }
},
{
    "model": "sessions.session",
    "pk": "buss9l1tasauuxs9m4mb9dwp3jyw9rhn",
    "fields": {
        "session_data": "e30:1sqpKn:9vt3uC5mI_NK2bG51Mtrof9Da7BbdoQ2IqVKAoKtCSU",
        "expire_date": "2024-10-02T07:42:45.506Z"
    }
},
{
    "model": "sessions.session",
    "pk": "c1rdhknd8ktrkcky4bjsqnrm1qlu1qcn",
    "fields": {
        "session_data": "e30:1sqdd7:ZNX5u5it8twhryHwwM9joj_-3dFqyMpYjm5ScD2RTuo",
        "expire_date": "2024-10-01T19:12:53.579Z"
    }
},
{
    "model": "sessions.session",
    "pk": "cagtnhzooupfp46bb3e2mifrfb2bmydt",
    "fields": {
        "session_data": "e30:1sqajK:bRhyZMAcgEQcNz00FSHmtmA4mOQS-PWHaE4Z7d5SyYA",
        "expire_date": "2024-10-01T16:07:06.680Z"
    }
},
{
    "model": "sessions.session",
    "pk": "cbfbkiru2bw1cdt2cvjidrijqgqvfn8k",
    "fields": {
        "session_data": "e30:1sqeeu:QD93dr399Muv0A-7jMzo4MAXrH52wYrXQ34eS-qSOuI",
        "expire_date": "2024-10-01T20:18:48.331Z"
    }
},
{
    "model": "sessions.session",
    "pk": "cizdpr3iu292gfqozj6f8w9uma6mhj84",
    "fields": {
        "session_data": "e30:1sqps5:e4-LEkmIHUMBDLrUXJc0kS8-Uy1xrzgtWmunCNgUYUk",
        "expire_date": "2024-10-02T08:17:09.504Z"
    }
},
{
    "model": "sessions.session",
    "pk": "cr5ejvxnvsd77lun9d09mzqbpb9knsud",
    "fields": {
        "session_data": "e30:1suabZ:3iExzouMWW3GVhydiZtdavmbqG8hUE9B2zrotuR2-pk",
        "expire_date": "2024-10-12T16:47:37.764Z"
    }
},
{
    "model": "sessions.session",
    "pk": "cvadkthlf0rqlh5905lrnquiq1pmz3nt",
    "fields": {
        "session_data": "e30:1tlqLK:yegBQf9avPdQuz8U1qNhQZZvxhEjDaiErNB07XawqrY",
        "expire_date": "2025-03-08T14:18:58.309Z"
    }
},
{
    "model": "sessions.session",
    "pk": "dayql09s12u1vm30jjw9rr63lksn5yq9",
    "fields": {
        "session_data": "e30:1sqokS:ahI4mYcfIFJKaC_qM5v-PTEpgcAabqqJQCFCf2nfyp8",
        "expire_date": "2024-10-02T07:05:12.737Z"
    }
},
{
    "model": "sessions.session",
    "pk": "dfo3bd0pohu4ulya8qtpb6f61vycgl0x",
    "fields": {
        "session_data": "e30:1sqaiu:pSS0TZpohLUxVzwt3lPN1K17_tUsQJt_NeVwzvqWfuY",
        "expire_date": "2024-10-01T16:06:40.074Z"
    }
},
{
    "model": "sessions.session",
    "pk": "dpblj8tnv5ebpeh8bk3g5xfnqkk3q1ug",
    "fields": {
        "session_data": "e30:1sqfSe:HsjNIACR46mgg1xl1WRnT73bvp24zds1lOOuL2aM0A4",
        "expire_date": "2024-10-01T21:10:12.045Z"
    }
},
{
    "model": "sessions.session",
    "pk": "dt8gs719u9ik26s505zpr5x3t6c9g0g7",
    "fields": {
        "session_data": "e30:1sqfxN:g35EVgmvQ2QEZ1Tbc-1_qZ9s7rOpmLsnV3Vyd8sJh5g",
        "expire_date": "2024-10-01T21:41:57.477Z"
    }
},
{
    "model": "sessions.session",
    "pk": "edcqkn4blnfx4e8gz43cl5u4og4fr8d7",
    "fields": {
        "session_data": "e30:1trN1H:Y3J3iP8qepMicDFiGtBkHTo47SxogOU7SV3geAGgKCI",
        "expire_date": "2025-03-23T20:13:07.148Z"
    }
},
{
    "model": "sessions.session",
    "pk": "ekz2rzoo932cjbqy2eb1qzyx4blwsqgw",
    "fields": {
        "session_data": "e30:1sqeWA:dsjpTTF5cqgnRVKcmL7ig5u2GjwrcXbP9v75fVgZGtQ",
        "expire_date": "2024-10-01T20:09:46.285Z"
    }
},
{
    "model": "sessions.session",
    "pk": "emtht3iyw1gbys23i1kbwqmtwun6bypc",
    "fields": {
        "session_data": "e30:1suTAo:0GSV4feDWywI6rD6DfNd0I9OHejMjoPJfxxMo39MiPE",
        "expire_date": "2024-10-12T08:51:30.028Z"
    }
},
{
    "model": "sessions.session",
    "pk": "ey3zfgr70nl8j6qptah0h9rpes6gns13",
    "fields": {
        "session_data": "e30:1sqosS:we2TNUss-VIMsnJyxFGsvefOJDYXLoMu1i8UAhIrqok",
        "expire_date": "2024-10-02T07:13:28.064Z"
    }
},
{
    "model": "sessions.session",
    "pk": "fd1ytri3x6s1j30pez1dwfi10mijaki0",
    "fields": {
        "session_data": "e30:1suaZh:igebHObXO1xGUOGSYUwcLzshdVFEQJgCVSYFYWHeXNk",
        "expire_date": "2024-10-12T16:45:41.376Z"
    }
},
{
    "model": "sessions.session",
    "pk": "fe9pnnax4yyeega3d4l1cgmf4ln9qkra",
    "fields": {
        "session_data": "e30:1stk6R:3GdaKp2rGDJ3h7qjJc5y197eHWl4f8lQzzkFbOwZ5PE",
        "expire_date": "2024-10-10T08:43:59.225Z"
    }
},
{
    "model": "sessions.session",
    "pk": "finkzn0bn5fblvzbicfagx2znt51k0kt",
    "fields": {
        "session_data": "e30:1sqoli:sk-1-wuNW540cpv-XQa-gXa8dbGkhCQkIfAaTMpBmZg",
        "expire_date": "2024-10-02T07:06:30.677Z"
    }
},
{
    "model": "sessions.session",
    "pk": "fip3um22ihotz3bjunpbeiuostrxvz3l",
    "fields": {
        "session_data": "e30:1sqedp:12cguI_NZ2Vx3oYcwlUhE3JQuHPLLbbXR6Q7ZFJAbk4",
        "expire_date": "2024-10-01T20:17:41.835Z"
    }
},
{
    "model": "sessions.session",
    "pk": "fkj36weah6rwenrhjzyln7i44n5pjhan",
    "fields": {
        "session_data": "e30:1suaao:LgID23t8eJiCpH43QlmyCXo1RvrDrtlmRhJIEXubBNs",
        "expire_date": "2024-10-12T16:46:50.290Z"
    }
},
{
    "model": "sessions.session",
    "pk": "fnbdnml3856upe1id0wubxoltsirzgb5",
    "fields": {
        "session_data": "e30:1sqeRG:9ZdpJ5TTp9WNKsRkholKKx63-HlcNdfnJoGAgimP4JI",
        "expire_date": "2024-10-01T20:04:42.347Z"
    }
},
{
    "model": "sessions.session",
    "pk": "fs6xszruusls7it3ngn62csu21i4zrj1",
    "fields": {
        "session_data": "e30:1sqeBt:ibbDAiKRqgOEXkdUAEE_plhNmD3NKGfrnpug5ZrUQ8U",
        "expire_date": "2024-10-01T19:48:49.099Z"
    }
},
{
    "model": "sessions.session",
    "pk": "g27m3v6nah4oinyft4ae4rd2puola2xv",
    "fields": {
        "session_data": "e30:1sqpKT:TAmG_VcEoYjIsH_4nfWljoNaAJtatA2pUjMIzuM2w9c",
        "expire_date": "2024-10-02T07:42:25.563Z"
    }
},
{
    "model": "sessions.session",
    "pk": "gc2i4h6ov6hruubaih2z9a9wdbynscxj",
    "fields": {
        "session_data": "e30:1sqoyo:XnGRT51q2BvIYsp6B3OjB7mKrGcSbpWKxPf8ME0lMGs",
        "expire_date": "2024-10-02T07:20:02.869Z"
    }
},
{
    "model": "sessions.session",
    "pk": "gj3kvmksa1bmwlball6ahky7gkamox35",
    "fields": {
        "session_data": "e30:1sqe0D:VTtiC5G7nGuEFX3MbD0BDJomSZ-yj-_K4EHajRqhIS0",
        "expire_date": "2024-10-01T19:36:45.499Z"
    }
},
{
    "model": "sessions.session",
    "pk": "gocypojyfl42w20sxfxm4xy4fg09qmu6",
    "fields": {
        "session_data": "e30:1stk6R:3GdaKp2rGDJ3h7qjJc5y197eHWl4f8lQzzkFbOwZ5PE",
        "expire_date": "2024-10-10T08:43:59.274Z"
    }
},
{
    "model": "sessions.session",
    "pk": "gp4h64vlf1ejyf35nobn59bawbe7m8h3",
    "fields": {
        "session_data": "e30:1sqdsw:X-sN9tZiH6w0sMLzzgunYHppgcCR27bPfaKi6tH7bec",
        "expire_date": "2024-10-01T19:29:14.036Z"
    }
},
{
    "model": "sessions.session",
    "pk": "gwiim1q1bkemdca6se0xuwxm95fwmg9t",
    "fields": {
        "session_data": "e30:1sqee0:0cd0bTr2Xq2xwz3mNl9tsdIQcUnttBmG-UubBPNu48E",
        "expire_date": "2024-10-01T20:17:52.315Z"
    }
},
{
    "model": "sessions.session",
    "pk": "h0s0h73opvaf4ezxjpdld0tvg7ewrpqm",
    "fields": {
        "session_data": "e30:1sqpnp:7cbIqKp9wbOiC7YtLLA0szYpYBM3kJbzzXQ_3PBkPNA",
        "expire_date": "2024-10-02T08:12:45.393Z"
    }
},
{
    "model": "sessions.session",
    "pk": "h1bdnzyatdihpbhs7texl7encfgjhxm8",
    "fields": {
        "session_data": "e30:1sqdyO:8wbRkUxdVUYCVBkgtkJ72V2yYEDiwzJhedXiEIFjqLI",
        "expire_date": "2024-10-01T19:34:52.739Z"
    }
},
{
    "model": "sessions.session",
    "pk": "h1rgi8le2b52kw5bsdeluk2tovqi9umg",
    "fields": {
        "session_data": "e30:1sqpgV:5JVY3JLzrHMRirsITg4HGFeebMdo1fMioed5aC9cNFQ",
        "expire_date": "2024-10-02T08:05:11.867Z"
    }
},
{
    "model": "sessions.session",
    "pk": "hmd3dxe0cgevwhgsmsnqgsust6fyodx3",
    "fields": {
        "session_data": "e30:1sqeFy:1A7RHTwhUwZKZJMhfYEJHbddI4GWj411ywB1k37p4go",
        "expire_date": "2024-10-01T19:53:02.633Z"
    }
},
{
    "model": "sessions.session",
    "pk": "hny0t4jyyc0sjdp2wnkz4pmhc5lwi44p",
    "fields": {
        "session_data": "e30:1sqpME:Eozg8CiFxm3EnGdDsXu6tUg7W7JZUuTCswrzLPPWbZo",
        "expire_date": "2024-10-02T07:44:14.732Z"
    }
},
{
    "model": "sessions.session",
    "pk": "hvjbi6j9npx294pne9tu8ax2b681i75g",
    "fields": {
        "session_data": "e30:1sqpdl:FzFtqd5ZmO_3N_Zdh0vFNUGFWjpaPTj439leP9ke3qs",
        "expire_date": "2024-10-02T08:02:21.989Z"
    }
},
{
    "model": "sessions.session",
    "pk": "i42v1g3eukm0mz35bb1npg9rdybo349d",
    "fields": {
        "session_data": "e30:1sqeVq:jtL_TdrjdvxRcdXDmsAdQxdfDPD1nLdx9xZ-046dbPA",
        "expire_date": "2024-10-01T20:09:26.163Z"
    }
},
{
    "model": "sessions.session",
    "pk": "ii9l7o4uc0jzlgoas5w1705siim3blgo",
    "fields": {
        "session_data": "e30:1sqpDY:yppwyc5OK3kKK0JxAvapaSqXjMZWz22j4qQsMVzaXlI",
        "expire_date": "2024-10-02T07:35:16.313Z"
    }
},
{
    "model": "sessions.session",
    "pk": "incddue3j5gntokkdjubtrh96ookl67j",
    "fields": {
        "session_data": "e30:1sqokp:ZciWOTkUBZqi_7GSGUJJoIxFyrm0jXlOpgB5_JstgqY",
        "expire_date": "2024-10-02T07:05:35.443Z"
    }
},
{
    "model": "sessions.session",
    "pk": "irx1g1bdjij3u5eggflq0mpljkbh8h5w",
    "fields": {
        "session_data": "e30:1sqeHW:hkwmhxn-CQWeSa2ghJCKvOD2R1IFtVLQbwMmwI6WbqI",
        "expire_date": "2024-10-01T19:54:38.833Z"
    }
},
{
    "model": "sessions.session",
    "pk": "ix5re04tn4vcujk1akp53dhweuc79j39",
    "fields": {
        "session_data": "e30:1sqe0d:biQ_aeDkxG9_S48tI8YTUCPNPH3Sm6gzojSE-Kq3X3Y",
        "expire_date": "2024-10-01T19:37:11.464Z"
    }
},
{
    "model": "sessions.session",
    "pk": "j11fuzslc8g7zil1e0a1p02dorjk6rjk",
    "fields": {
        "session_data": "e30:1sqpny:7hXZwUN8YQqSM7oiqswPHgshYd1rooJqS_DO7OttmBc",
        "expire_date": "2024-10-02T08:12:54.712Z"
    }
},
{
    "model": "sessions.session",
    "pk": "ji9sxt598adi3a02jh6yu04smtj8s9vr",
    "fields": {
        "session_data": "e30:1sqpnz:whmw3b5ou8qKa9uHCLpBsYRLHvSQ9F1Ol9OTMDABt9o",
        "expire_date": "2024-10-02T08:12:55.343Z"
    }
},
{
    "model": "sessions.session",
    "pk": "jkih7hb11jihwqhxwdidqqjd7lf9s1z1",
    "fields": {
        "session_data": "e30:1sqolj:Bt-Kgm1nUl2HqJIYpmkpqmXufum-ThV53uZn0HX3-po",
        "expire_date": "2024-10-02T07:06:31.935Z"
    }
},
{
    "model": "sessions.session",
    "pk": "jo5ypng7rpts5zqttgkd01l9iy04r3uc",
    "fields": {
        "session_data": "e30:1sqeSI:aB3xT4RUcYGWDinSV-jO8MctrPjAht9-ZYyH6yqoLNk",
        "expire_date": "2024-10-01T20:05:46.392Z"
    }
},
{
    "model": "sessions.session",
    "pk": "jup24puhxn24bh8c3do2tb1jzd3h60ri",
    "fields": {
        "session_data": "e30:1t00KU:IXhDAGAtoLUG9la2GPrYc7Rsk9scuy8FqpyRCxN8Y2M",
        "expire_date": "2024-10-27T15:16:22.830Z"
    }
},
{
    "model": "sessions.session",
    "pk": "jx55gltpntk386gngs16xs18yrbztgu4",
    "fields": {
        "session_data": "e30:1sqfub:k-LF4nWViKTI5__WMao3eyj3pJszAfBaEHyQLf-lbJM",
        "expire_date": "2024-10-01T21:39:05.961Z"
    }
},
{
    "model": "sessions.session",
    "pk": "k0p6sw284mght3vnpq5xrt59wggqt5zp",
    "fields": {
        "session_data": "e30:1sqpMH:OVzmO7LcD4le-aIFO9rwewB7_IutGqFy1WrHdPKIdrw",
        "expire_date": "2024-10-02T07:44:17.959Z"
    }
},
{
    "model": "sessions.session",
    "pk": "k0r9kuga1weh5o8kd6bulqd3ymrrcfbu",
    "fields": {
        "session_data": "e30:1suaao:LgID23t8eJiCpH43QlmyCXo1RvrDrtlmRhJIEXubBNs",
        "expire_date": "2024-10-12T16:46:50.229Z"
    }
},
{
    "model": "sessions.session",
    "pk": "k6plp43qpod583l0u3eraovy66kmmfqy",
    "fields": {
        "session_data": "e30:1sqp1H:MvrNPxPs_fxs502wTQD0_T7zIhLlCDQQwdZr0ZgCamk",
        "expire_date": "2024-10-02T07:22:35.141Z"
    }
},
{
    "model": "sessions.session",
    "pk": "k76fcrd1i8vel04ycb8qr1coaarh0s8x",
    "fields": {
        "session_data": "e30:1sqfN1:1BolBSE9jJvrCi3ZpFp8QYYoQWZJ2JH-fgV2JBdPM1s",
        "expire_date": "2024-10-01T21:04:23.143Z"
    }
},
{
    "model": "sessions.session",
    "pk": "ked0g4a86767uew3z3tucm7g7omx2s2l",
    "fields": {
        "session_data": "e30:1sqozi:6iebxVffGuOnngEj2cDSbDFhC13GupOVxnyRrSCNmYk",
        "expire_date": "2024-10-02T07:20:58.540Z"
    }
},
{
    "model": "sessions.session",
    "pk": "ko23ecugdhty09683mrb09whzeqedogu",
    "fields": {
        "session_data": "e30:1sqpgB:S7pY4NTDRNqxfQhMb5Z4S-E5ALN2lNrsbkDj3bZ0Obk",
        "expire_date": "2024-10-02T08:04:51.559Z"
    }
},
{
    "model": "sessions.session",
    "pk": "kwvx124v0kot5s40fyofs0jmzpi640oy",
    "fields": {
        "session_data": "e30:1tjm5L:w4H3GD6lOyIjINUWhWSF_CJTse7fFPdsdTwHjbbg8so",
        "expire_date": "2025-03-02T21:21:55.865Z"
    }
},
{
    "model": "sessions.session",
    "pk": "kx5ytillqd8kyx0tpojccuku9rsigisj",
    "fields": {
        "session_data": "e30:1trN1H:Y3J3iP8qepMicDFiGtBkHTo47SxogOU7SV3geAGgKCI",
        "expire_date": "2025-03-23T20:13:07.176Z"
    }
},
{
    "model": "sessions.session",
    "pk": "l3i9wk2v6n8j7yzwythy3gqptdy3vtk4",
    "fields": {
        "session_data": ".eJxVjMsOwiAQRf-FtSGFGWTq0n2_gTAMlaqBpI-V8d-1SRe6veec-1IhbmsJ25LnMIm6KKtOvxvH9Mh1B3KP9dZ0anWdJ9a7og-66KFJfl4P9--gxKV8a2DxZLA3HA2MwOeOwFNCSBkJRNCNfkTjkL1Lve3QAnXRAXCfKROr9wfH2zca:1ttuCL:2M5QCe-eJLTT0dZoDGkn38sZOXp1qSRlBkuhw6VoXKQ",
        "expire_date": "2025-03-30T20:03:01.168Z"
    }
},
{
    "model": "sessions.session",
    "pk": "l8x3pww5htpo0561272nh3e2fxh915ld",
    "fields": {
        "session_data": "e30:1sqpM8:EIKZ38ogQRoLXYHMcE2SxCBf4vSu_EKuFvSTHHD1HyI",
        "expire_date": "2024-10-02T07:44:08.488Z"
    }
},
{
    "model": "sessions.session",
    "pk": "lb42zmhcbovby3hngnq0lmupac5fqi1o",
    "fields": {
        "session_data": "e30:1tlqLK:yegBQf9avPdQuz8U1qNhQZZvxhEjDaiErNB07XawqrY",
        "expire_date": "2025-03-08T14:18:58.212Z"
    }
},
{
    "model": "sessions.session",
    "pk": "lbarekhk8tig040dux4aicgkd476j54h",
    "fields": {
        "session_data": "e30:1sqfKL:Oiygkqr-PcG8sg-MytQljCXpUmMVJmtsXycTfMGeh3g",
        "expire_date": "2024-10-01T21:01:37.025Z"
    }
},
{
    "model": "sessions.session",
    "pk": "m6tj41ihb0xgi3ygu5f25brbtt5u5b4e",
    "fields": {
        "session_data": "e30:1sqfes:Fn5uatG-Vus4ux0zyvX98AXWEzVuMLiUZkeUrpcLr6A",
        "expire_date": "2024-10-01T21:22:50.872Z"
    }
},
{
    "model": "sessions.session",
    "pk": "m8rz93de9yoqao2xspr2pit3lenf3tcc",
    "fields": {
        "session_data": "e30:1sqpgB:S7pY4NTDRNqxfQhMb5Z4S-E5ALN2lNrsbkDj3bZ0Obk",
        "expire_date": "2024-10-02T08:04:51.501Z"
    }
},
{
    "model": "sessions.session",
    "pk": "m9nry78pi7jlvd252s7d7wkgnzlb8e2v",
    "fields": {
        "session_data": "e30:1sqozQ:xE2q4FiOXsLrNmYfBpwIJynCy5m51-yRMiLodAjEhJM",
        "expire_date": "2024-10-02T07:20:40.585Z"
    }
},
{
    "model": "sessions.session",
    "pk": "miu7ko935w0t2vx1fqrwb50qmk589de0",
    "fields": {
        "session_data": "e30:1sqfeR:OflT6R8s9M-NFAu5NyRQ3enQ0tPmdYP4k_34Bn0phGg",
        "expire_date": "2024-10-01T21:22:23.973Z"
    }
},
{
    "model": "sessions.session",
    "pk": "ml9heqp29spa8807x78bnurzzb0xuy9w",
    "fields": {
        "session_data": "e30:1sqfvY:0g_62FnYLi7o7cawBeIJM2noHrmtmbhDNVJamrqQDP8",
        "expire_date": "2024-10-01T21:40:04.846Z"
    }
},
{
    "model": "sessions.session",
    "pk": "mpbkw0t1ym8580y2y6uuhlak84ywoysz",
    "fields": {
        "session_data": "e30:1sqpKY:lvtk-rtRjgVLGOq_qeiY6Lk7nxIGLnSwy8YC1B15iRA",
        "expire_date": "2024-10-02T07:42:30.908Z"
    }
},
{
    "model": "sessions.session",
    "pk": "munltgpulzcufmc5ekzujws0yxw77lz2",
    "fields": {
        "session_data": "e30:1sqpyY:vncNhW7oWJb2m6Un_PRRwuY0tyb9KF7DpetLYH5eWdI",
        "expire_date": "2024-10-02T08:23:50.389Z"
    }
},
{
    "model": "sessions.session",
    "pk": "mwemdr2jwoim8o04o95ab91jgtyydv82",
    "fields": {
        "session_data": "e30:1sqeGA:9G8K4co7K2pi2gg-Jhwq1MBQI1arkc0kPgelqGn6lCg",
        "expire_date": "2024-10-01T19:53:14.685Z"
    }
},
{
    "model": "sessions.session",
    "pk": "n5vylcao20nnocsfkn6zg57lxdfjvexb",
    "fields": {
        "session_data": "e30:1sqoyf:6QywXVYZOomQc4Zw5AUCEPJFwnpzUJz7tD30qBn8XTQ",
        "expire_date": "2024-10-02T07:19:53.642Z"
    }
},
{
    "model": "sessions.session",
    "pk": "nc4ssbpke90elqg40o5fi5z0d10hizcg",
    "fields": {
        "session_data": "e30:1sqole:bTWQ429ICm6Kus6wnKP-r2EP3qOjFTXbimr7I6cpyZs",
        "expire_date": "2024-10-02T07:06:26.211Z"
    }
},
{
    "model": "sessions.session",
    "pk": "o1znsssu22t4r4l66tubrnih3r6jorpt",
    "fields": {
        "session_data": "e30:1sqffX:-yIlJS-h_4qwY31k_qww15AfDM4uFkMtn60G9x31dfo",
        "expire_date": "2024-10-01T21:23:31.323Z"
    }
},
{
    "model": "sessions.session",
    "pk": "o37qvumansfmk3lj0ey0hv7yehodqn9a",
    "fields": {
        "session_data": "e30:1sqovH:yXpZPtyQlfxb90K3ZV6k2BMWtI1pzR4b7mewfFDWb4M",
        "expire_date": "2024-10-02T07:16:23.667Z"
    }
},
{
    "model": "sessions.session",
    "pk": "o4en0jz1g1hrodz0m8csk8mxb8z9m0vt",
    "fields": {
        "session_data": "e30:1sqeGT:bUxOAMcF5S4IWZZV0ooOQVI_5Id8ZO84JdiuT8DySuQ",
        "expire_date": "2024-10-01T19:53:33.896Z"
    }
},
{
    "model": "sessions.session",
    "pk": "ov7gkhb2x7cka8sg1fr5geevptdts8tl",
    "fields": {
        "session_data": "e30:1sqovC:6fE00YWEIEJJt-bHXtkHx3njySmBsG4JAjZLShTGQDY",
        "expire_date": "2024-10-02T07:16:18.791Z"
    }
},
{
    "model": "sessions.session",
    "pk": "ox67jnlhfzqo5zi8j3trcbusg40jj74z",
    "fields": {
        "session_data": "e30:1sqdsF:CxQMA-VTuxK1h-NIC4AqnseZ7e6a4begxkeUHRPCYJM",
        "expire_date": "2024-10-01T19:28:31.624Z"
    }
},
{
    "model": "sessions.session",
    "pk": "ozhbwbxe26kzazsb1encpsykgsdabt2g",
    "fields": {
        "session_data": "e30:1sqfgG:dOsxgZUUDLpSPBDQnU5-tKT2AOpwZN_jY6YlBP1liw8",
        "expire_date": "2024-10-01T21:24:16.793Z"
    }
},
{
    "model": "sessions.session",
    "pk": "p1qbqzlesjawqsor8iwaz323be8rjr1p",
    "fields": {
        "session_data": "e30:1sqojY:XAYj82LEXAtYq1x9p915artkrgRoc5e_ZxtwkPAUfV0",
        "expire_date": "2024-10-02T07:04:16.133Z"
    }
},
{
    "model": "sessions.session",
    "pk": "pfh13ft3jwgjv40cv6x2cfqr885owhw3",
    "fields": {
        "session_data": "e30:1sqfnv:UXjGJXjzg0COsl4lD92hDna18XxpbPq38lM-YSNjlyg",
        "expire_date": "2024-10-01T21:32:11.663Z"
    }
},
{
    "model": "sessions.session",
    "pk": "pgld1fvjrik0dj1d0xhqldjyoz96egbo",
    "fields": {
        "session_data": "e30:1sqfsd:bOTxjA9RJXIQ4AMi3GTN0xmqYYs4ec7f7nlLs8qhv-Q",
        "expire_date": "2024-10-01T21:37:03.972Z"
    }
},
{
    "model": "sessions.session",
    "pk": "pu4nv4adaafjj2t6x5op6kj2j8zoe0if",
    "fields": {
        "session_data": "e30:1sqpVX:4EAQpzX8Kh2gnpG-hmC7nP0tQJ8AcZsLDNI6sjUOu38",
        "expire_date": "2024-10-02T07:53:51.965Z"
    }
},
{
    "model": "sessions.session",
    "pk": "pxqt5ox4eyosgl6ectfbl1wlfqa3olh6",
    "fields": {
        "session_data": "e30:1sqfnw:T0DYh1ZP35z_zs9wlpCmW-A40BGaNTB7Z1erNtRqcGg",
        "expire_date": "2024-10-01T21:32:12.224Z"
    }
},
{
    "model": "sessions.session",
    "pk": "q6fqlev1xj76771cafesisnugtmdub1c",
    "fields": {
        "session_data": "e30:1sqpQJ:xGwJW7IlnaIe18XAl7Lee-jsBpmcGxV3kq3zLnPoV1E",
        "expire_date": "2024-10-02T07:48:27.029Z"
    }
},
{
    "model": "sessions.session",
    "pk": "qhomrs23vnuxaqyqpoyx42mg09g3c8yn",
    "fields": {
        "session_data": "e30:1sqov8:ijc5Jp1Jwk3Qp8x0slqL27y3F8yL8veF2ObGY1q7vMI",
        "expire_date": "2024-10-02T07:16:14.192Z"
    }
},
{
    "model": "sessions.session",
    "pk": "qvayxp46wrpnnfqvhgapwm8gc0w78dol",
    "fields": {
        "session_data": "e30:1sqovF:VeH--tLOuMq57hmPPvVGen4QLLBn21O09EeTh0YUJps",
        "expire_date": "2024-10-02T07:16:21.550Z"
    }
},
{
    "model": "sessions.session",
    "pk": "ri3oj5rqbsx6v5pnvg7mnanx2hz47ay4",
    "fields": {
        "session_data": "e30:1sqfy4:dDGJH7TX5tXFQ5MkGVIEMbuwTl0TsIgDHWWbtaUmkb4",
        "expire_date": "2024-10-01T21:42:40.105Z"
    }
},
{
    "model": "sessions.session",
    "pk": "rlmzrhqi8bwlf1vc3jlbyc77zsira60u",
    "fields": {
        "session_data": "e30:1sqolQ:lpSxIhh7YP74RnTL8Kzt3hdaPZLnL_Sh-ccRrF2X0eM",
        "expire_date": "2024-10-02T07:06:12.517Z"
    }
},
{
    "model": "sessions.session",
    "pk": "rojprfo9wzgt3u6u0hhfsfhpoy8a89cf",
    "fields": {
        "session_data": "e30:1tlsDl:xTcGSynIxmTCQKLkIk-8kvalCTYBYB5pCxd2SKV-jpo",
        "expire_date": "2025-03-08T16:19:17.812Z"
    }
},
{
    "model": "sessions.session",
    "pk": "rtjjvabu3xe566xl6g5mx96xgeh21pn2",
    "fields": {
        "session_data": "e30:1sqolM:5Ji42Alhi0NHFsu_fvSS4gosSs-0zQNjBYh8INZdBRk",
        "expire_date": "2024-10-02T07:06:08.189Z"
    }
},
{
    "model": "sessions.session",
    "pk": "rv7rvl2jzrpqcpxdi1h6779dsohbit7c",
    "fields": {
        "session_data": "e30:1sqfuP:-qXlJHuxpsgQlca3ySSoQjqeMlNtfGFfRtxPVKkp0tA",
        "expire_date": "2024-10-01T21:38:53.082Z"
    }
},
{
    "model": "sessions.session",
    "pk": "rx1gjec6colsf6sggkmj6fi1u322ueyx",
    "fields": {
        "session_data": "e30:1sqajV:lQZNh29Tn-vP40osLLFqFZFEksVecE-J-u-Ar0tPvpU",
        "expire_date": "2024-10-01T16:07:17.060Z"
    }
},
{
    "model": "sessions.session",
    "pk": "s0a6jquj0u9jmckfxow7ctmyoe9r9et7",
    "fields": {
        "session_data": "e30:1sqaiy:fzCuDv1IYpFaV5Fckl495ZaRZTbdBzVuYOQ9b18vf5s",
        "expire_date": "2024-10-01T16:06:44.820Z"
    }
},
{
    "model": "sessions.session",
    "pk": "s0sbgaoq7bnphyq6rg1p4613ux0me4nt",
    "fields": {
        "session_data": "e30:1sqpIA:sfxl9tsNhO2P1O_UfWjv8g_uDDLezqJmblmzOvvKA-k",
        "expire_date": "2024-10-02T07:40:02.890Z"
    }
},
{
    "model": "sessions.session",
    "pk": "s2cz5kdlui9vwmumgayn6glpokxqson0",
    "fields": {
        "session_data": "e30:1sqfxX:xkrX6RchYR-IpmzqvEEtyzgctRObLot-ca5g0pbLVvg",
        "expire_date": "2024-10-01T21:42:07.780Z"
    }
},
{
    "model": "sessions.session",
    "pk": "sino0gu81u790wtc6s7e9v4d77v0cjl2",
    "fields": {
        "session_data": "e30:1sqfo8:ysbfBABD7hhVQBIoY1UVIFQejSq0ybZ-kTut1kbC6Mg",
        "expire_date": "2024-10-01T21:32:24.757Z"
    }
},
{
    "model": "sessions.session",
    "pk": "syun2b3y1bcgjp1t9ago661718snzp94",
    "fields": {
        "session_data": "e30:1suTCA:6RxYbuGnXgZ_s0oN_hQphbKNjLLowAJnYCHapChFAQU",
        "expire_date": "2024-10-12T08:52:54.598Z"
    }
},
{
    "model": "sessions.session",
    "pk": "t8meh75bz90nkdf7rvzwbnz6w0odm8ln",
    "fields": {
        "session_data": "e30:1ttuBv:D1HNF-WdGk8GLYxRcnjUmwoPPj7N5r8APBeMeCzTTC0",
        "expire_date": "2025-03-30T20:02:35.651Z"
    }
},
{
    "model": "sessions.session",
    "pk": "tnp9apezyoljgm1jkrvdhhqpsdggc6py",
    "fields": {
        "session_data": "e30:1sqpM8:EIKZ38ogQRoLXYHMcE2SxCBf4vSu_EKuFvSTHHD1HyI",
        "expire_date": "2024-10-02T07:44:08.476Z"
    }
},
{
    "model": "sessions.session",
    "pk": "ua8v1bvblpfpmkacr8on46sfx7z42frj",
    "fields": {
        "session_data": "e30:1sqdqv:fSmHkJUaL_KcKNDuzOQU-lRzIJhioPgbasWwaywym0I",
        "expire_date": "2024-10-01T19:27:09.289Z"
    }
},
{
    "model": "sessions.session",
    "pk": "ubmwjgxqqggqin2vl7szsxk4g02tl0pc",
    "fields": {
        "session_data": "e30:1sqoyz:_JayfGpQrBOtguOsJbuXc-ZKmru5rDB4Zyk1ERqAolc",
        "expire_date": "2024-10-02T07:20:13.874Z"
    }
},
{
    "model": "sessions.session",
    "pk": "uh7jji1dc8z3doie33cp3cunpvqgdzyd",
    "fields": {
        "session_data": "e30:1sqdzl:HkXSm_mSBeVp-4_tMxMoMdfx7ugkjKuglHMoWcxCc-U",
        "expire_date": "2024-10-01T19:36:17.202Z"
    }
},
{
    "model": "sessions.session",
    "pk": "ultfb87y1w4fyj6kksns8s6yqh80nic4",
    "fields": {
        "session_data": "e30:1sqeFh:PqFI-3PgkJqjeMm-ibdt-uZEvj1W6CEZwD0S1WBq5mo",
        "expire_date": "2024-10-01T19:52:45.867Z"
    }
},
{
    "model": "sessions.session",
    "pk": "unavso3r108zjjthpdm6ookc80ili1j8",
    "fields": {
        "session_data": "e30:1stk6R:3GdaKp2rGDJ3h7qjJc5y197eHWl4f8lQzzkFbOwZ5PE",
        "expire_date": "2024-10-10T08:43:59.095Z"
    }
},
{
    "model": "sessions.session",
    "pk": "uubkde8ggy1umv6e8jqbyz8bupl07t9x",
    "fields": {
        "session_data": "e30:1suTCB:05KEyl6DpJY_FmDQUMUtXKgc9i8MeHRpzClglG47Crg",
        "expire_date": "2024-10-12T08:52:55.434Z"
    }
},
{
    "model": "sessions.session",
    "pk": "uxdj42escncovw8do84rju1u54fbuokz",
    "fields": {
        "session_data": "e30:1sqdqv:fSmHkJUaL_KcKNDuzOQU-lRzIJhioPgbasWwaywym0I",
        "expire_date": "2024-10-01T19:27:09.265Z"
    }
},
{
    "model": "sessions.session",
    "pk": "v5sy6tu0hb6ya7gd5psyp3116ko3g3he",
    "fields": {
        "session_data": "e30:1sqppB:4J1rMlLd3p3tZRt240CDm6KD5Nztx3l1fxKbh1wyigA",
        "expire_date": "2024-10-02T08:14:09.144Z"
    }
},
{
    "model": "sessions.session",
    "pk": "vh08vckew1s4rz8kme65m8nepyx5g3ne",
    "fields": {
        "session_data": "e30:1sqpdm:jB4DYkeXvR1JzVxh8BRFSdaDpFeGTYHld9pd0aqd13E",
        "expire_date": "2024-10-02T08:02:22.098Z"
    }
},
{
    "model": "sessions.session",
    "pk": "vk795c378titv9vd1g28t8m9xxngp6qi",
    "fields": {
        "session_data": "e30:1sqprJ:pbms1z_7ncx4KPncC0Sc2H9aLrao13gaBB18eFQu_0o",
        "expire_date": "2024-10-02T08:16:21.356Z"
    }
},
{
    "model": "sessions.session",
    "pk": "vr08ggu6kzffs820w474ogo44cv9evzl",
    "fields": {
        "session_data": "e30:1sqduI:nMANHmKbTfdk5LAWjv3D7Y2F6ynolaVIaOaOVhPz7SQ",
        "expire_date": "2024-10-01T19:30:38.435Z"
    }
},
{
    "model": "sessions.session",
    "pk": "vx8hkiof69pn3lhffsc13o1akxr4lidi",
    "fields": {
        "session_data": "e30:1sqpa4:33-tsclfxaY_T72iBASp5NWi_i8zcycbRJHtFHlIaBk",
        "expire_date": "2024-10-02T07:58:32.641Z"
    }
},
{
    "model": "sessions.session",
    "pk": "vxdxw87moy5nexi1x290lnrrup07bvfp",
    "fields": {
        "session_data": "e30:1tjm5L:w4H3GD6lOyIjINUWhWSF_CJTse7fFPdsdTwHjbbg8so",
        "expire_date": "2025-03-02T21:21:55.928Z"
    }
},
{
    "model": "sessions.session",
    "pk": "w54ad0awzq4jlg6fyb8pr942phicts11",
    "fields": {
        "session_data": "e30:1sqfED:_gBZJwmiNO1cQX_cdeoSGfvIizLceJlWXKToZgk--s8",
        "expire_date": "2024-10-01T20:55:17.155Z"
    }
},
{
    "model": "sessions.session",
    "pk": "whnufla85hqkwpe1oclg12at8ka0lwe0",
    "fields": {
        "session_data": "e30:1sqpKp:RsQHBZJui6-Lqv4AMLgReVuV0CY3jrfojjn_Z_VSzvY",
        "expire_date": "2024-10-02T07:42:47.056Z"
    }
},
{
    "model": "sessions.session",
    "pk": "wm7g8itv9y6wl6m6sxspn2c7x4etycj4",
    "fields": {
        "session_data": "e30:1sqezv:n9Jz_FxqHpdD2LWNxYIxSD4pLeezKkF8sRFFHwTqMR0",
        "expire_date": "2024-10-01T20:40:31.935Z"
    }
},
{
    "model": "sessions.session",
    "pk": "wmmxd23e7lk04x1g76w2cz620c5u9l7j",
    "fields": {
        "session_data": "e30:1sqpIA:sfxl9tsNhO2P1O_UfWjv8g_uDDLezqJmblmzOvvKA-k",
        "expire_date": "2024-10-02T07:40:02.932Z"
    }
},
{
    "model": "sessions.session",
    "pk": "wz6lgcy3zf866mbbiq88pn9swncj6400",
    "fields": {
        "session_data": "e30:1sqaj7:Z-tOe60d0-T7npUsIvOYC74LygNqgsC-k6S5IIszCMo",
        "expire_date": "2024-10-01T16:06:53.824Z"
    }
},
{
    "model": "sessions.session",
    "pk": "x3zkc5yqmqa1djcygm7q9jyrfdtfzqex",
    "fields": {
        "session_data": "e30:1sqdgv:cz4k4CoEJl95DOxqdRzFTBxaJ1vX6JHQkgzX9d7bIFQ",
        "expire_date": "2024-10-01T19:16:49.289Z"
    }
},
{
    "model": "sessions.session",
    "pk": "x85nue75kw3y0mlipt9drhg0ju2mh0g8",
    "fields": {
        "session_data": "e30:1sqpKr:3i8bzir41vA6hUwqAs5s4H7Wa-BDhhkTxPWbRITNeX4",
        "expire_date": "2024-10-02T07:42:49.148Z"
    }
},
{
    "model": "sessions.session",
    "pk": "xivld34mgo3yggrsz0zvg8wn9286gbao",
    "fields": {
        "session_data": "e30:1sqfPR:xFs9CSK0ql92oYyKlNzouXLooSnE9vWInl3EDiA97LY",
        "expire_date": "2024-10-01T21:06:53.818Z"
    }
},
{
    "model": "sessions.session",
    "pk": "xmajcc6r619sbadh8izu10cgtxq2q3n9",
    "fields": {
        "session_data": "e30:1sqe0d:biQ_aeDkxG9_S48tI8YTUCPNPH3Sm6gzojSE-Kq3X3Y",
        "expire_date": "2024-10-01T19:37:11.540Z"
    }
},
{
    "model": "sessions.session",
    "pk": "xt7o778semthxxe2x0dzcd7pqrwzgs1r",
    "fields": {
        "session_data": "e30:1sqdy7:nt38-BBsDzUltNiyBh22U17DAd3e38_nCLqJ-alvzc4",
        "expire_date": "2024-10-01T19:34:35.095Z"
    }
},
{
    "model": "sessions.session",
    "pk": "xwh1b5n7nkm15vwzec7mzf1rw6b84wmv",
    "fields": {
        "session_data": "e30:1sqfeN:1CzUlDrPfsRS_ydyobk_rlA4MJpWt6hIgnD1OSuIoEo",
        "expire_date": "2024-10-01T21:22:19.642Z"
    }
},
{
    "model": "sessions.session",
    "pk": "xzsiiz35r77v4cgp9k659eu02s1fdk19",
    "fields": {
        "session_data": "e30:1tlqLK:yegBQf9avPdQuz8U1qNhQZZvxhEjDaiErNB07XawqrY",
        "expire_date": "2025-03-08T14:18:58.231Z"
    }
},
{
    "model": "sessions.session",
    "pk": "yg9glkr12gzh15g0udqv260kndv4hdph",
    "fields": {
        "session_data": "e30:1sqfxU:bT4NmPrK-E_29Urtf6LljvxOWlRCbiuOm2s2ocjmjfc",
        "expire_date": "2024-10-01T21:42:04.983Z"
    }
},
{
    "model": "sessions.session",
    "pk": "yjsoz7vg965l68s7a5ld0b3uqjr777rt",
    "fields": {
        "session_data": "e30:1sqpXk:-r7wxS51DPXJMGVcMwxHbSFAklQcHJZoA4kMBJ_CiuA",
        "expire_date": "2024-10-02T07:56:08.951Z"
    }
},
{
    "model": "sessions.session",
    "pk": "z56lmtqojpdeguu4ii8j2apfzns1drvp",
    "fields": {
        "session_data": "e30:1sqdyL:A29hIr2CfWqR42MU_oKBjBoPNptrGNOTsxQvVjB2Rbk",
        "expire_date": "2024-10-01T19:34:49.187Z"
    }
},
{
    "model": "sessions.session",
    "pk": "z5vuk5go84rzv0sy0gsifa3jzl4lxz2b",
    "fields": {
        "session_data": "e30:1sqdzN:5IOOn0cmXOuIKkqf-9pOZmomEkpvHfEk93BlNTsH5z0",
        "expire_date": "2024-10-01T19:35:53.919Z"
    }
},
{
    "model": "sessions.session",
    "pk": "zch8drdcf26j9w26pldpiz1flzz23t20",
    "fields": {
        "session_data": "e30:1sqofH:7Ux-eJ7_niIrp1rj8CuXoWO4pWN_PW8DSsbnZD26Imo",
        "expire_date": "2024-10-02T06:59:51.779Z"
    }
},
{
    "model": "sessions.session",
    "pk": "zdbu3r13yk8usmsx9aun7p2ejmnzfr8y",
    "fields": {
        "session_data": "e30:1sqefH:BzxxMkJd_16b6U7GOKz1gpxkx83ogB3uuG2sofCNFTg",
        "expire_date": "2024-10-01T20:19:11.806Z"
    }
},
{
    "model": "sessions.session",
    "pk": "zntocz4lc6sby5awbgyy0uc8m28bdasd",
    "fields": {
        "session_data": "e30:1sqfh8:Fdl_cembHUpzTYWA_Yhhqu5DQgtZgLKDkyDvD4YSs2w",
        "expire_date": "2024-10-01T21:25:10.213Z"
    }
},
{
    "model": "sessions.session",
    "pk": "zrhunijqnmj4w76dbvm7t26esri8wtbd",
    "fields": {
        "session_data": "e30:1sqeRN:DPbuJVzffpjBb3kEe1iJS0NPzI1Vz4szR90QlTZInpM",
        "expire_date": "2024-10-01T20:04:49.046Z"
    }
},
{
    "model": "sessions.session",
    "pk": "zt9n923y8w37p7pnme1662n6hsi6e2g5",
    "fields": {
        "session_data": "e30:1sqprH:PI_sMLIywcbX1uNcq-uDoeVnPgMatvEmlbThmKX3FlU",
        "expire_date": "2024-10-02T08:16:19.300Z"
    }
},
{
    "model": "sessions.session",
    "pk": "ztshmzpuimioib4bvcq4fayrlhr1wgqw",
    "fields": {
        "session_data": "e30:1sqfw1:ndAWOG5axYxUbs7CTnaJwngA7J8Axk-gRVcTuAhG8oQ",
        "expire_date": "2024-10-01T21:40:33.827Z"
    }
},
{
    "model": "sessions.session",
    "pk": "zyxr7ekzw0qke137kuqxi06a6itj2xqs",
    "fields": {
        "session_data": "e30:1sqfEl:8ThibS_2mat-v9O0apzUjgdojAt380kj2_MD0wSgRh0",
        "expire_date": "2024-10-01T20:55:51.679Z"
    }
},
{
    "model": "products.characteristic",
    "pk": 1,
    "fields": {
        "name": "Материал"
    }
},
{
    "model": "products.characteristic",
    "pk": 2,
    "fields": {
        "name": "Влажность"
    }
},
{
    "model": "products.characteristic",
    "pk": 3,
    "fields": {
        "name": "Длина (м)"
    }
},
{
    "model": "products.characteristic",
    "pk": 4,
    "fields": {
        "name": "Ширина (мм)"
    }
},
{
    "model": "products.characteristic",
    "pk": 5,
    "fields": {
        "name": "Толщина (мм)"
    }
},
{
    "model": "products.characteristic",
    "pk": 6,
    "fields": {
        "name": "Упаковка"
    }
},
{
    "model": "products.characteristicvalue",
    "pk": 1,
    "fields": {
        "characteristic": 1,
        "value": "Сосна"
    }
},
{
    "model": "products.characteristicvalue",
    "pk": 2,
    "fields": {
        "characteristic": 1,
        "value": "Осина"
    }
},
{
    "model": "products.characteristicvalue",
    "pk": 3,
    "fields": {
        "characteristic": 2,
        "value": "10 %"
    }
},
{
    "model": "products.characteristicvalue",
    "pk": 4,
    "fields": {
        "characteristic": 2,
        "value": "до 28%"
    }
},
{
    "model": "products.characteristicvalue",
    "pk": 5,
    "fields": {
        "characteristic": 3,
        "value": "6"
    }
},
{
    "model": "products.characteristicvalue",
    "pk": 6,
    "fields": {
        "characteristic": 3,
        "value": "4"
    }
},
{
    "model": "products.characteristicvalue",
    "pk": 7,
    "fields": {
        "characteristic": 3,
        "value": "3"
    }
},
{
    "model": "products.characteristicvalue",
    "pk": 8,
    "fields": {
        "characteristic": 3,
        "value": "2.7"
    }
},
{
    "model": "products.characteristicvalue",
    "pk": 9,
    "fields": {
        "characteristic": 3,
        "value": "2.5"
    }
},
{
    "model": "products.characteristicvalue",
    "pk": 10,
    "fields": {
        "characteristic": 3,
        "value": "2.4"
    }
},
{
    "model": "products.characteristicvalue",
    "pk": 11,
    "fields": {
        "characteristic": 4,
        "value": "96"
    }
},
{
    "model": "products.characteristicvalue",
    "pk": 12,
    "fields": {
        "characteristic": 4,
        "value": "100"
    }
},
{
    "model": "products.characteristicvalue",
    "pk": 13,
    "fields": {
        "characteristic": 4,
        "value": "150"
    }
},
{
    "model": "products.characteristicvalue",
    "pk": 14,
    "fields": {
        "characteristic": 4,
        "value": "200"
    }
},
{
    "model": "products.characteristicvalue",
    "pk": 15,
    "fields": {
        "characteristic": 5,
        "value": "150"
    }
},
{
    "model": "products.characteristicvalue",
    "pk": 16,
    "fields": {
        "characteristic": 5,
        "value": "100"
    }
},
{
    "model": "products.characteristicvalue",
    "pk": 17,
    "fields": {
        "characteristic": 5,
        "value": "50"
    }
},
{
    "model": "products.characteristicvalue",
    "pk": 18,
    "fields": {
        "characteristic": 5,
        "value": "30"
    }
},
{
    "model": "products.characteristicvalue",
    "pk": 19,
    "fields": {
        "characteristic": 5,
        "value": "25"
    }
},
{
    "model": "products.characteristicvalue",
    "pk": 20,
    "fields": {
        "characteristic": 5,
        "value": "40"
    }
},
{
    "model": "products.characteristicvalue",
    "pk": 21,
    "fields": {
        "characteristic": 6,
        "value": "1 шт"
    }
},
{
    "model": "products.producttype",
    "pk": 1,
    "fields": {
        "name": "Доска обрезная",
        "slug": "doska_obreznaya"
    }
},
{
    "model": "products.producttype",
    "pk": 2,
    "fields": {
        "name": "Брус",
        "slug": "brus"
    }
},
{
    "model": "products.producttype",
    "pk": 3,
    "fields": {
        "name": "Имитация бруса",
        "slug": "imitacia_brusa"
    }
},
{
    "model": "products.producttype",
    "pk": 4,
    "fields": {
        "name": "Блок-хаус",
        "slug": "block_house"
    }
},
{
    "model": "products.producttype",
    "pk": 5,
    "fields": {
        "name": "Евровагонка",
        "slug": "evrovagonka"
    }
},
{
    "model": "products.producttype",
    "pk": 6,
    "fields": {
        "name": "Половаая доска",
        "slug": "polovaya_doska"
    }
},
{
    "model": "products.producttype",
    "pk": 7,
    "fields": {
        "name": "Доска обрезная ТУ",
        "slug": "doska_obreznaya_tu"
    }
},
{
    "model": "products.product",
    "pk": 1,
    "fields": {
        "title": "Доска обрезная сухая строганная 45*145*6м",
        "description": "test 1 test 1",
        "price": "12312.00",
        "quantity": 2,
        "is_available": true,
        "imageUrl": "public/products/sneakers-1_1Z2z8yQ.jpg",
        "product_type": 1,
        "is_featured": true,
        "custom_url": "doska_obreznaya_150_na_150",
        "price_per_unit": "3105.00",
        "price_per_cubic_meter": "23000.00",
        "price_per_linear_meter": null
    }
},
{
    "model": "products.product",
    "pk": 2,
    "fields": {
        "title": "test 2",
        "description": "test 2 test 2",
        "price": "2342123.00",
        "quantity": 1,
        "is_available": true,
        "imageUrl": "public/products/sneakers-2_XHJhVJW.jpg",
        "product_type": 6,
        "is_featured": true,
        "custom_url": null,
        "price_per_unit": "0.00",
        "price_per_cubic_meter": null,
        "price_per_linear_meter": null
    }
},
{
    "model": "products.product",
    "pk": 3,
    "fields": {
        "title": "test 3",
        "description": "test 3 test 3",
        "price": "3453453.00",
        "quantity": 1,
        "is_available": true,
        "imageUrl": "public/products/sneakers-3_rL6AL1J.jpg",
        "product_type": 1,
        "is_featured": false,
        "custom_url": null,
        "price_per_unit": "0.00",
        "price_per_cubic_meter": null,
        "price_per_linear_meter": null
    }
},
{
    "model": "products.product",
    "pk": 4,
    "fields": {
        "title": "test 4",
        "description": "test 4 test 4",
        "price": "534333.00",
        "quantity": 1,
        "is_available": true,
        "imageUrl": "public/products/sneakers-4_RUQTzRu.jpg",
        "product_type": 6,
        "is_featured": false,
        "custom_url": null,
        "price_per_unit": "0.00",
        "price_per_cubic_meter": null,
        "price_per_linear_meter": null
    }
},
{
    "model": "products.product",
    "pk": 5,
    "fields": {
        "title": "test 5",
        "description": "test 5 test 5",
        "price": "645443.00",
        "quantity": 1,
        "is_available": true,
        "imageUrl": "public/products/sneakers-5_5OxTOFf.jpg",
        "product_type": 5,
        "is_featured": false,
        "custom_url": null,
        "price_per_unit": "0.00",
        "price_per_cubic_meter": null,
        "price_per_linear_meter": null
    }
},
{
    "model": "products.product",
    "pk": 6,
    "fields": {
        "title": "test 6",
        "description": "test 6 test 6",
        "price": "756754.00",
        "quantity": 1,
        "is_available": true,
        "imageUrl": "public/products/sneakers-6_gAyHLs5.jpg",
        "product_type": 3,
        "is_featured": false,
        "custom_url": null,
        "price_per_unit": "0.00",
        "price_per_cubic_meter": null,
        "price_per_linear_meter": null
    }
},
{
    "model": "products.product",
    "pk": 7,
    "fields": {
        "title": "test 7",
        "description": "test 7 test 7",
        "price": "86745.00",
        "quantity": 2,
        "is_available": true,
        "imageUrl": "public/products/sneakers-7_TTmtW6D.jpg",
        "product_type": 1,
        "is_featured": false,
        "custom_url": null,
        "price_per_unit": "0.00",
        "price_per_cubic_meter": null,
        "price_per_linear_meter": null
    }
},
{
    "model": "products.product",
    "pk": 8,
    "fields": {
        "title": "test 8",
        "description": "test 8 test 8",
        "price": "745634.00",
        "quantity": 1,
        "is_available": true,
        "imageUrl": "public/products/sneakers-8_6belJsU.jpg",
        "product_type": 1,
        "is_featured": false,
        "custom_url": null,
        "price_per_unit": "0.00",
        "price_per_cubic_meter": null,
        "price_per_linear_meter": null
    }
},
{
    "model": "products.product",
    "pk": 9,
    "fields": {
        "title": "test 9",
        "description": "test 9 test 9",
        "price": "345345.00",
        "quantity": 1,
        "is_available": true,
        "imageUrl": "public/products/sneakers-9_KM2xcov.jpg",
        "product_type": 5,
        "is_featured": false,
        "custom_url": null,
        "price_per_unit": "0.00",
        "price_per_cubic_meter": null,
        "price_per_linear_meter": null
    }
},
{
    "model": "products.product",
    "pk": 10,
    "fields": {
        "title": "test 10",
        "description": "test 10 test 10",
        "price": "784532.00",
        "quantity": 2,
        "is_available": true,
        "imageUrl": "public/products/sneakers-10_sX5gEJR.jpg",
        "product_type": 1,
        "is_featured": true,
        "custom_url": null,
        "price_per_unit": "0.00",
        "price_per_cubic_meter": null,
        "price_per_linear_meter": null
    }
},
{
    "model": "products.product",
    "pk": 11,
    "fields": {
        "title": "test 11",
        "description": "test 11 test 11",
        "price": "97897.00",
        "quantity": 999,
        "is_available": true,
        "imageUrl": "public/products/sneakers-11_XxbE3S9.jpg",
        "product_type": 2,
        "is_featured": true,
        "custom_url": "brus_suhoy_stroganniy_20_na_40_3m",
        "price_per_unit": "105.00",
        "price_per_cubic_meter": "1200.00",
        "price_per_linear_meter": null
    }
},
{
    "model": "products.product",
    "pk": 12,
    "fields": {
        "title": "Брус сухой строганный 30х70х3м",
        "description": "test 12 test 12",
        "price": "0.00",
        "quantity": 30,
        "is_available": true,
        "imageUrl": "public/products/sneakers-12_0JkHzth.jpg",
        "product_type": 2,
        "is_featured": true,
        "custom_url": "brus_suhoy_stroganniy_30_na_70_3m",
        "price_per_unit": "30.00",
        "price_per_cubic_meter": null,
        "price_per_linear_meter": "90.00"
    }
},
{
    "model": "products.product",
    "pk": 13,
    "fields": {
        "title": "test 13",
        "description": "test 13 test 13",
        "price": "56752.00",
        "quantity": 1,
        "is_available": true,
        "imageUrl": "public/products/sneakers-1_tFj5R4g.jpg",
        "product_type": 3,
        "is_featured": true,
        "custom_url": null,
        "price_per_unit": "0.00",
        "price_per_cubic_meter": null,
        "price_per_linear_meter": null
    }
},
{
    "model": "products.product",
    "pk": 14,
    "fields": {
        "title": "test 14",
        "description": "test 14 test 14",
        "price": "2342342.00",
        "quantity": 3,
        "is_available": true,
        "imageUrl": "public/products/sneakers-2_2Frqsfk.jpg",
        "product_type": 3,
        "is_featured": true,
        "custom_url": null,
        "price_per_unit": "0.00",
        "price_per_cubic_meter": null,
        "price_per_linear_meter": null
    }
},
{
    "model": "products.product",
    "pk": 15,
    "fields": {
        "title": "test 15",
        "description": "test 15 test 15 test 15",
        "price": "24231231.00",
        "quantity": 5,
        "is_available": false,
        "imageUrl": "public/products/sneakers-3_SlVl1y4.jpg",
        "product_type": 4,
        "is_featured": true,
        "custom_url": null,
        "price_per_unit": "0.00",
        "price_per_cubic_meter": null,
        "price_per_linear_meter": null
    }
},
{
    "model": "products.product",
    "pk": 16,
    "fields": {
        "title": "test 16",
        "description": "test 16 test 16",
        "price": "2342342.00",
        "quantity": 4,
        "is_available": true,
        "imageUrl": "public/products/sneakers-4_GI8NItj.jpg",
        "product_type": 4,
        "is_featured": true,
        "custom_url": null,
        "price_per_unit": "0.00",
        "price_per_cubic_meter": null,
        "price_per_linear_meter": null
    }
},
{
    "model": "products.product",
    "pk": 17,
    "fields": {
        "title": "test 17",
        "description": "test 17test 17test 17",
        "price": "234234.00",
        "quantity": 11,
        "is_available": false,
        "imageUrl": "public/products/sneakers-5_70aEHmX.jpg",
        "product_type": 5,
        "is_featured": true,
        "custom_url": null,
        "price_per_unit": "0.00",
        "price_per_cubic_meter": null,
        "price_per_linear_meter": null
    }
},
{
    "model": "products.product",
    "pk": 18,
    "fields": {
        "title": "test 18",
        "description": "test 18 test 18 test 18 test 18",
        "price": "131231.00",
        "quantity": 4,
        "is_available": false,
        "imageUrl": "public/products/sneakers-6_u39BYKH.jpg",
        "product_type": 5,
        "is_featured": true,
        "custom_url": null,
        "price_per_unit": "0.00",
        "price_per_cubic_meter": null,
        "price_per_linear_meter": null
    }
},
{
    "model": "products.product",
    "pk": 19,
    "fields": {
        "title": "test 19",
        "description": "test 19 test 19 test 19 test 19",
        "price": "32131.00",
        "quantity": 12,
        "is_available": true,
        "imageUrl": "public/products/sneakers-7_9c9j24l.jpg",
        "product_type": 6,
        "is_featured": true,
        "custom_url": null,
        "price_per_unit": "0.00",
        "price_per_cubic_meter": null,
        "price_per_linear_meter": null
    }
},
{
    "model": "products.product",
    "pk": 20,
    "fields": {
        "title": "test 20",
        "description": "test 20 test 20 test 20",
        "price": "312312.00",
        "quantity": 2,
        "is_available": true,
        "imageUrl": "public/products/sneakers-8_EONsxmC.jpg",
        "product_type": 6,
        "is_featured": true,
        "custom_url": null,
        "price_per_unit": "0.00",
        "price_per_cubic_meter": null,
        "price_per_linear_meter": null
    }
},
{
    "model": "products.product",
    "pk": 21,
    "fields": {
        "title": "test 21",
        "description": "test 21 test 21 test 21",
        "price": "4232.00",
        "quantity": 2,
        "is_available": true,
        "imageUrl": "public/products/sneakers-9_6jgISfE.jpg",
        "product_type": 7,
        "is_featured": false,
        "custom_url": null,
        "price_per_unit": "0.00",
        "price_per_cubic_meter": null,
        "price_per_linear_meter": null
    }
},
{
    "model": "products.product",
    "pk": 22,
    "fields": {
        "title": "test 22",
        "description": "test 22 test 22 test 22",
        "price": "312.00",
        "quantity": 1,
        "is_available": false,
        "imageUrl": "public/products/sneakers-10_lhNGTpE.jpg",
        "product_type": 7,
        "is_featured": false,
        "custom_url": null,
        "price_per_unit": "0.00",
        "price_per_cubic_meter": null,
        "price_per_linear_meter": null
    }
},
{
    "model": "products.product",
    "pk": 23,
    "fields": {
        "title": "test 23",
        "description": "test 23 test 23 test 23",
        "price": "132312.00",
        "quantity": 2,
        "is_available": false,
        "imageUrl": "public/products/sneakers-11_V0ctGhn.jpg",
        "product_type": 7,
        "is_featured": false,
        "custom_url": null,
        "price_per_unit": "0.00",
        "price_per_cubic_meter": null,
        "price_per_linear_meter": null
    }
},
{
    "model": "products.product",
    "pk": 24,
    "fields": {
        "title": "test 24",
        "description": "test 24 test 24 test 24",
        "price": "12312.00",
        "quantity": 2,
        "is_available": true,
        "imageUrl": "public/products/sneakers-12_ago0F3G.jpg",
        "product_type": 7,
        "is_featured": false,
        "custom_url": null,
        "price_per_unit": "0.00",
        "price_per_cubic_meter": null,
        "price_per_linear_meter": null
    }
},
{
    "model": "products.product",
    "pk": 25,
    "fields": {
        "title": "test 25",
        "description": "test 25 test 25 test 25",
        "price": "123121.00",
        "quantity": 2,
        "is_available": true,
        "imageUrl": "public/products/sneakers-1_g1vDfzb.jpg",
        "product_type": 7,
        "is_featured": false,
        "custom_url": null,
        "price_per_unit": "0.00",
        "price_per_cubic_meter": null,
        "price_per_linear_meter": null
    }
},
{
    "model": "products.product",
    "pk": 26,
    "fields": {
        "title": "test 26",
        "description": "test 26 test 26 test 26 test 26",
        "price": "42342.00",
        "quantity": 2,
        "is_available": true,
        "imageUrl": "public/products/sneakers-2_9PJzWBv.jpg",
        "product_type": 1,
        "is_featured": false,
        "custom_url": null,
        "price_per_unit": "0.00",
        "price_per_cubic_meter": null,
        "price_per_linear_meter": null
    }
},
{
    "model": "products.product",
    "pk": 27,
    "fields": {
        "title": "test 27",
        "description": "test 27 test 27 test 27 test 27",
        "price": "23432.00",
        "quantity": 12,
        "is_available": false,
        "imageUrl": "public/products/sneakers-3_eq6Xd2i.jpg",
        "product_type": 1,
        "is_featured": false,
        "custom_url": null,
        "price_per_unit": "0.00",
        "price_per_cubic_meter": null,
        "price_per_linear_meter": null
    }
},
{
    "model": "products.product",
    "pk": 28,
    "fields": {
        "title": "test 28",
        "description": "test 28 test 28 test 28",
        "price": "2342.00",
        "quantity": 1,
        "is_available": false,
        "imageUrl": "public/products/sneakers-4_AS2QG9a.jpg",
        "product_type": 1,
        "is_featured": false,
        "custom_url": null,
        "price_per_unit": "0.00",
        "price_per_cubic_meter": null,
        "price_per_linear_meter": null
    }
},
{
    "model": "products.product",
    "pk": 29,
    "fields": {
        "title": "test 29",
        "description": "test 29 test 29 test 29 test 29",
        "price": "4232.00",
        "quantity": 1,
        "is_available": true,
        "imageUrl": "public/products/sneakers-5_1Mo8gSw.jpg",
        "product_type": 1,
        "is_featured": false,
        "custom_url": null,
        "price_per_unit": "0.00",
        "price_per_cubic_meter": null,
        "price_per_linear_meter": null
    }
},
{
    "model": "products.product",
    "pk": 30,
    "fields": {
        "title": "test 30",
        "description": "test 30 test 30 test 30 test 30",
        "price": "7665.00",
        "quantity": 4,
        "is_available": false,
        "imageUrl": "public/products/sneakers-6_tVmwauc.jpg",
        "product_type": 1,
        "is_featured": false,
        "custom_url": null,
        "price_per_unit": "0.00",
        "price_per_cubic_meter": null,
        "price_per_linear_meter": null
    }
},
{
    "model": "products.product",
    "pk": 31,
    "fields": {
        "title": "test 31",
        "description": "test 31 test 31 test 31",
        "price": "90007.00",
        "quantity": 12,
        "is_available": true,
        "imageUrl": "public/products/sneakers-7_m3kUm0O.jpg",
        "product_type": 2,
        "is_featured": false,
        "custom_url": null,
        "price_per_unit": "0.00",
        "price_per_cubic_meter": null,
        "price_per_linear_meter": null
    }
},
{
    "model": "products.product",
    "pk": 32,
    "fields": {
        "title": "test 32",
        "description": "test 32 test 32 test 32",
        "price": "15008.00",
        "quantity": 2,
        "is_available": false,
        "imageUrl": "public/products/sneakers-8_PNJYyzn.jpg",
        "product_type": 4,
        "is_featured": false,
        "custom_url": null,
        "price_per_unit": "0.00",
        "price_per_cubic_meter": null,
        "price_per_linear_meter": null
    }
},
{
    "model": "products.productimage",
    "pk": 4,
    "fields": {
        "product": 11,
        "image": "product_images/sneakers-12.jpg",
        "order": 1
    }
},
{
    "model": "products.productimage",
    "pk": 5,
    "fields": {
        "product": 11,
        "image": "product_images/sneakers-11.jpg",
        "order": 2
    }
},
{
    "model": "products.productimage",
    "pk": 6,
    "fields": {
        "product": 1,
        "image": "public/products/sneakers-5_pYuPkpb.jpg",
        "order": 1
    }
},
{
    "model": "products.productimage",
    "pk": 7,
    "fields": {
        "product": 1,
        "image": "public/products/sneakers-7_FRjQyVl.jpg",
        "order": 2
    }
},
{
    "model": "products.productimage",
    "pk": 8,
    "fields": {
        "product": 1,
        "image": "public/products/sneakers-6_qXKGqls.jpg",
        "order": 3
    }
},
{
    "model": "products.productimage",
    "pk": 9,
    "fields": {
        "product": 12,
        "image": "public/products/sneakers-1_g1vDfzb_lGoNllH.jpg",
        "order": 1
    }
},
{
    "model": "products.productimage",
    "pk": 10,
    "fields": {
        "product": 12,
        "image": "public/products/sneakers-5_W0rD5xk.jpg",
        "order": 2
    }
},
{
    "model": "products.productcharacteristic",
    "pk": 1,
    "fields": {
        "product": 1,
        "characteristic": 1,
        "characteristic_value": 1
    }
},
{
    "model": "products.productcharacteristic",
    "pk": 2,
    "fields": {
        "product": 1,
        "characteristic": 2,
        "characteristic_value": 3
    }
},
{
    "model": "products.productcharacteristic",
    "pk": 3,
    "fields": {
        "product": 1,
        "characteristic": 3,
        "characteristic_value": 5
    }
},
{
    "model": "products.productcharacteristic",
    "pk": 4,
    "fields": {
        "product": 1,
        "characteristic": 4,
        "characteristic_value": 12
    }
},
{
    "model": "products.productcharacteristic",
    "pk": 5,
    "fields": {
        "product": 1,
        "characteristic": 5,
        "characteristic_value": 15
    }
},
{
    "model": "products.productcharacteristic",
    "pk": 6,
    "fields": {
        "product": 10,
        "characteristic": 1,
        "characteristic_value": 2
    }
},
{
    "model": "products.productcharacteristic",
    "pk": 7,
    "fields": {
        "product": 10,
        "characteristic": 2,
        "characteristic_value": 4
    }
},
{
    "model": "products.productcharacteristic",
    "pk": 8,
    "fields": {
        "product": 10,
        "characteristic": 3,
        "characteristic_value": 5
    }
},
{
    "model": "products.productcharacteristic",
    "pk": 9,
    "fields": {
        "product": 10,
        "characteristic": 4,
        "characteristic_value": 11
    }
},
{
    "model": "products.productcharacteristic",
    "pk": 10,
    "fields": {
        "product": 10,
        "characteristic": 5,
        "characteristic_value": 15
    }
},
{
    "model": "products.productcharacteristic",
    "pk": 11,
    "fields": {
        "product": 11,
        "characteristic": 1,
        "characteristic_value": 1
    }
},
{
    "model": "products.productcharacteristic",
    "pk": 12,
    "fields": {
        "product": 11,
        "characteristic": 2,
        "characteristic_value": 4
    }
},
{
    "model": "products.productcharacteristic",
    "pk": 13,
    "fields": {
        "product": 11,
        "characteristic": 3,
        "characteristic_value": 7
    }
},
{
    "model": "products.productcharacteristic",
    "pk": 14,
    "fields": {
        "product": 11,
        "characteristic": 4,
        "characteristic_value": 13
    }
},
{
    "model": "products.productcharacteristic",
    "pk": 15,
    "fields": {
        "product": 11,
        "characteristic": 5,
        "characteristic_value": 18
    }
},
{
    "model": "products.productcharacteristic",
    "pk": 16,
    "fields": {
        "product": 13,
        "characteristic": 1,
        "characteristic_value": 1
    }
},
{
    "model": "products.productcharacteristic",
    "pk": 17,
    "fields": {
        "product": 13,
        "characteristic": 2,
        "characteristic_value": 3
    }
},
{
    "model": "products.productcharacteristic",
    "pk": 18,
    "fields": {
        "product": 13,
        "characteristic": 3,
        "characteristic_value": 10
    }
},
{
    "model": "products.productcharacteristic",
    "pk": 19,
    "fields": {
        "product": 13,
        "characteristic": 4,
        "characteristic_value": 14
    }
},
{
    "model": "products.productcharacteristic",
    "pk": 20,
    "fields": {
        "product": 13,
        "characteristic": 5,
        "characteristic_value": 17
    }
},
{
    "model": "products.productcharacteristic",
    "pk": 21,
    "fields": {
        "product": 1,
        "characteristic": 6,
        "characteristic_value": 21
    }
},
{
    "model": "products.productcharacteristic",
    "pk": 22,
    "fields": {
        "product": 12,
        "characteristic": 1,
        "characteristic_value": 1
    }
},
{
    "model": "products.productcharacteristic",
    "pk": 23,
    "fields": {
        "product": 12,
        "characteristic": 2,
        "characteristic_value": 3
    }
},
{
    "model": "products.productcharacteristic",
    "pk": 24,
    "fields": {
        "product": 12,
        "characteristic": 6,
        "characteristic_value": 21
    }
},
{
    "model": "products.productcharacteristic",
    "pk": 25,
    "fields": {
        "product": 12,
        "characteristic": 4,
        "characteristic_value": 11
    }
},
{
    "model": "products.order",
    "pk": 1,
    "fields": {
        "customer_type": "legal",
        "first_name": "Мальчик",
        "last_name": "Тесотерон",
        "phone": "123123123",
        "email": "dfg@dfg.com",
        "comment": "привет",
        "delivery_method": "Курьер",
        "items": "\"[{\\\"product_id\\\": 11, \\\"title\\\": \\\"test 11\\\", \\\"quantity\\\": 3, \\\"price\\\": 105.0}]\"",
        "order_number": null,
        "total_price": "315.00",
        "created_at": "2024-10-02T14:58:44.275Z",
        "status": "Новый"
    }
},
{
    "model": "products.order",
    "pk": 2,
    "fields": {
        "customer_type": "legal",
        "first_name": "вап",
        "last_name": "пвап",
        "phone": "вап",
        "email": "",
        "comment": "привет",
        "delivery_method": "Почта России",
        "items": "\"[{\\\"product_id\\\": 11, \\\"title\\\": \\\"test 11\\\", \\\"quantity\\\": 3, \\\"price\\\": 105.0}, {\\\"product_id\\\": 1, \\\"title\\\": \\\"\\\\u0414\\\\u043e\\\\u0441\\\\u043a\\\\u0430 \\\\u043e\\\\u0431\\\\u0440\\\\u0435\\\\u0437\\\\u043d\\\\u0430\\\\u044f \\\\u0441\\\\u0443\\\\u0445\\\\u0430\\\\u044f \\\\u0441\\\\u0442\\\\u0440\\\\u043e\\\\u0433\\\\u0430\\\\u043d\\\\u043d\\\\u0430\\\\u044f 45*145*6\\\\u043c\\\", \\\"quantity\\\": 5, \\\"price\\\": 3105.0}, {\\\"product_id\\\": 12, \\\"title\\\": \\\"test 12\\\", \\\"quantity\\\": 1, \\\"price\\\": 0.0}, {\\\"product_id\\\": 13, \\\"title\\\": \\\"test 13\\\", \\\"quantity\\\": 1, \\\"price\\\": 0.0}, {\\\"product_id\\\": 14, \\\"title\\\": \\\"test 14\\\", \\\"quantity\\\": 1, \\\"price\\\": 0.0}, {\\\"product_id\\\": 10, \\\"title\\\": \\\"test 10\\\", \\\"quantity\\\": 1, \\\"price\\\": 0.0}, {\\\"product_id\\\": 16, \\\"title\\\": \\\"test 16\\\", \\\"quantity\\\": 1, \\\"price\\\": 0.0}, {\\\"product_id\\\": 2, \\\"title\\\": \\\"test 2\\\", \\\"quantity\\\": 1, \\\"price\\\": 0.0}, {\\\"product_id\\\": 19, \\\"title\\\": \\\"test 19\\\", \\\"quantity\\\": 1, \\\"price\\\": 0.0}]\"",
        "order_number": null,
        "total_price": "15840.00",
        "created_at": "2024-10-03T14:36:12.848Z",
        "status": "Новый"
    }
},
{
    "model": "products.order",
    "pk": 3,
    "fields": {
        "customer_type": "individual",
        "first_name": "человек",
        "last_name": "человекрв",
        "phone": "7656756756",
        "email": "fg@yandex.ru",
        "comment": "btfgb",
        "delivery_method": "Транспортная компания",
        "items": "\"[{\\\"product_id\\\": 14, \\\"title\\\": \\\"test 14\\\", \\\"quantity\\\": 1, \\\"price\\\": 0.0}, {\\\"product_id\\\": 13, \\\"title\\\": \\\"test 13\\\", \\\"quantity\\\": 1, \\\"price\\\": 0.0}, {\\\"product_id\\\": 16, \\\"title\\\": \\\"test 16\\\", \\\"quantity\\\": 1, \\\"price\\\": 0.0}, {\\\"product_id\\\": 12, \\\"title\\\": \\\"test 12\\\", \\\"quantity\\\": 1, \\\"price\\\": 0.0}, {\\\"product_id\\\": 11, \\\"title\\\": \\\"test 11\\\", \\\"quantity\\\": 5, \\\"price\\\": 105.0}, {\\\"product_id\\\": 10, \\\"title\\\": \\\"test 10\\\", \\\"quantity\\\": 1, \\\"price\\\": 0.0}]\"",
        "order_number": null,
        "total_price": "525.00",
        "created_at": "2024-10-03T14:49:15.634Z",
        "status": "Новый"
    }
},
{
    "model": "products.order",
    "pk": 4,
    "fields": {
        "customer_type": "individual",
        "first_name": "тести",
        "last_name": "тости",
        "phone": "54563453",
        "email": "df@df.co",
        "comment": "fd",
        "delivery_method": "Курьер",
        "items": "\"[{\\\"product_id\\\": 10, \\\"title\\\": \\\"test 10\\\", \\\"quantity\\\": 1, \\\"price\\\": 0.0}, {\\\"product_id\\\": 12, \\\"title\\\": \\\"test 12\\\", \\\"quantity\\\": 1, \\\"price\\\": 0.0}, {\\\"product_id\\\": 13, \\\"title\\\": \\\"test 13\\\", \\\"quantity\\\": 1, \\\"price\\\": 0.0}, {\\\"product_id\\\": 14, \\\"title\\\": \\\"test 14\\\", \\\"quantity\\\": 1, \\\"price\\\": 0.0}, {\\\"product_id\\\": 11, \\\"title\\\": \\\"test 11\\\", \\\"quantity\\\": 10, \\\"price\\\": 1050.0}]\"",
        "order_number": null,
        "total_price": "10500.00",
        "created_at": "2024-10-03T14:56:35.395Z",
        "status": "Новый"
    }
},
{
    "model": "products.order",
    "pk": 5,
    "fields": {
        "customer_type": "legal",
        "first_name": "Ковальч",
        "last_name": "Поасм",
        "phone": "12312321",
        "email": "dfs1@df.com",
        "comment": "ntnc",
        "delivery_method": "Самовывоз",
        "items": "\"[{\\\"product_id\\\": 12, \\\"title\\\": \\\"\\\\u0411\\\\u0440\\\\u0443\\\\u0441 \\\\u0441\\\\u0443\\\\u0445\\\\u043e\\\\u0439 \\\\u0441\\\\u0442\\\\u0440\\\\u043e\\\\u0433\\\\u0430\\\\u043d\\\\u043d\\\\u044b\\\\u0439 30\\\\u044570\\\\u04453\\\\u043c\\\", \\\"quantity\\\": 4, \\\"price\\\": 120.0}]\"",
        "order_number": null,
        "total_price": "480.00",
        "created_at": "2024-10-10T14:25:53.822Z",
        "status": "Новый"
    }
},
{
    "model": "products.order",
    "pk": 6,
    "fields": {
        "customer_type": "individual",
        "first_name": "тет",
        "last_name": "тми",
        "phone": "35434534",
        "email": "dfs@dfgdf.co",
        "comment": "dfgdgd",
        "delivery_method": "Доставка по Ростову-на-Дону 1.5т от 1500 руб - 1500 Р",
        "items": "\"[{\\\"product_id\\\": 1, \\\"title\\\": \\\"\\\\u0414\\\\u043e\\\\u0441\\\\u043a\\\\u0430 \\\\u043e\\\\u0431\\\\u0440\\\\u0435\\\\u0437\\\\u043d\\\\u0430\\\\u044f \\\\u0441\\\\u0443\\\\u0445\\\\u0430\\\\u044f \\\\u0441\\\\u0442\\\\u0440\\\\u043e\\\\u0433\\\\u0430\\\\u043d\\\\u043d\\\\u0430\\\\u044f 45*145*6\\\\u043c\\\", \\\"quantity\\\": 1, \\\"price\\\": 3105.0}]\"",
        "order_number": null,
        "total_price": "3105.00",
        "created_at": "2024-10-10T15:26:18.118Z",
        "status": "Новый"
    }
},
{
    "model": "products.order",
    "pk": 7,
    "fields": {
        "customer_type": "individual",
        "first_name": "qwe",
        "last_name": "ewq",
        "phone": "123123123",
        "email": "ewre@sfsd.com",
        "comment": "ter",
        "delivery_method": "Доставка по Ростову-на-Дону 1.5т от 1500 руб",
        "items": "\"[{\\\"product_id\\\": 14, \\\"title\\\": \\\"test 14\\\", \\\"quantity\\\": 1, \\\"price\\\": 0.0}]\"",
        "order_number": null,
        "total_price": "0.00",
        "created_at": "2024-10-11T19:29:27.690Z",
        "status": "Новый"
    }
},
{
    "model": "products.order",
    "pk": 8,
    "fields": {
        "customer_type": "individual",
        "first_name": "fgdf",
        "last_name": "fdgd",
        "phone": "54464",
        "email": "dfg@dfg.com",
        "comment": "dfg",
        "delivery_method": "Доставка по Ростову-на-Дону 1.5т от 1500 руб",
        "items": "[]",
        "order_number": null,
        "total_price": "105.00",
        "created_at": "2024-10-11T19:40:26.229Z",
        "status": "Новый"
    }
},
{
    "model": "products.order",
    "pk": 9,
    "fields": {
        "customer_type": "individual",
        "first_name": "тест",
        "last_name": "тест",
        "phone": "123123123",
        "email": "dfg@dfg.com",
        "comment": "dfgd",
        "delivery_method": "Доставка по Ростову-на-Дону 6т от 3500 руб",
        "items": "[{\"product_id\": 11, \"title\": \"test 11\", \"quantity\": 1, \"price\": 105, \"imageUrl\": \"/media/public/products/sneakers-11_XxbE3S9.jpg\"}]",
        "order_number": "25441932",
        "total_price": "3605.00",
        "created_at": "2024-10-11T19:52:28.350Z",
        "status": "Новый"
    }
},
{
    "model": "products.order",
    "pk": 10,
    "fields": {
        "customer_type": "individual",
        "first_name": "gfdfgd",
        "last_name": "fgdf",
        "phone": "435345345",
        "email": "sdf@dfgdfg.com",
        "comment": "dfgdf",
        "delivery_method": "Доставка по Ростову-на-Дону 6т от 3500 руб",
        "items": "[{\"product_id\": 11, \"title\": \"test 11\", \"quantity\": 1, \"price\": 105, \"imageUrl\": \"/media/public/products/sneakers-11_XxbE3S9.jpg\"}]",
        "order_number": "68878177",
        "total_price": "3605.00",
        "created_at": "2024-10-11T19:55:40.870Z",
        "status": "Новый"
    }
},
{
    "model": "products.order",
    "pk": 11,
    "fields": {
        "customer_type": "individual",
        "first_name": "test",
        "last_name": "test",
        "phone": "234234234",
        "email": "",
        "comment": "rwerw",
        "delivery_method": "Доставка по Ростову-на-Дону 1.5т от 1500 руб",
        "items": "[{\"product_id\": 11, \"title\": \"test 11\", \"quantity\": 1, \"price\": 105, \"imageUrl\": \"/media/public/products/sneakers-11_XxbE3S9.jpg\"}]",
        "order_number": "49715823",
        "total_price": "1605.00",
        "created_at": "2025-03-16T15:24:11.021Z",
        "status": "Новый"
    }
},
{
    "model": "products.favorite",
    "pk": 1,
    "fields": {
        "product": 3,
        "session_key": "78deluqfjwz7lkbey36c9oh58v2t33ab",
        "created_at": "2024-09-17T16:06:53.799Z"
    }
},
{
    "model": "products.favorite",
    "pk": 2,
    "fields": {
        "product": 4,
        "session_key": "c1rdhknd8ktrkcky4bjsqnrm1qlu1qcn",
        "created_at": "2024-09-17T19:12:53.575Z"
    }
},
{
    "model": "products.favorite",
    "pk": 3,
    "fields": {
        "product": 4,
        "session_key": "2q343qf1q4w2yks56xz5rqr29s92x1e9",
        "created_at": "2024-09-17T19:27:41.077Z"
    }
},
{
    "model": "products.favorite",
    "pk": 4,
    "fields": {
        "product": 3,
        "session_key": "72p98pujyvsv7qw3de6qk0t1nys4o41n",
        "created_at": "2024-09-17T19:29:17.486Z"
    }
},
{
    "model": "products.favorite",
    "pk": 5,
    "fields": {
        "product": 3,
        "session_key": "1hgnbhlxlj6391ahj272jjdmbeqqfyue",
        "created_at": "2024-09-17T19:35:53.839Z"
    }
},
{
    "model": "products.favorite",
    "pk": 6,
    "fields": {
        "product": 3,
        "session_key": "ix5re04tn4vcujk1akp53dhweuc79j39",
        "created_at": "2024-09-17T19:37:11.457Z"
    }
},
{
    "model": "products.favorite",
    "pk": 7,
    "fields": {
        "product": 3,
        "session_key": "mwemdr2jwoim8o04o95ab91jgtyydv82",
        "created_at": "2024-09-17T19:53:14.664Z"
    }
},
{
    "model": "products.favorite",
    "pk": 8,
    "fields": {
        "product": 3,
        "session_key": "zrhunijqnmj4w76dbvm7t26esri8wtbd",
        "created_at": "2024-09-17T20:04:49.037Z"
    }
},
{
    "model": "products.favorite",
    "pk": 9,
    "fields": {
        "product": 3,
        "session_key": "ekz2rzoo932cjbqy2eb1qzyx4blwsqgw",
        "created_at": "2024-09-17T20:09:46.279Z"
    }
},
{
    "model": "products.favorite",
    "pk": 10,
    "fields": {
        "product": 3,
        "session_key": "524v3mjsht97phogqzx0ihhla3n3ioqh",
        "created_at": "2024-09-17T20:18:00.931Z"
    }
},
{
    "model": "products.favorite",
    "pk": 11,
    "fields": {
        "product": 3,
        "session_key": "zdbu3r13yk8usmsx9aun7p2ejmnzfr8y",
        "created_at": "2024-09-17T20:19:11.801Z"
    }
},
{
    "model": "products.favorite",
    "pk": 12,
    "fields": {
        "product": 3,
        "session_key": "m6tj41ihb0xgi3ygu5f25brbtt5u5b4e",
        "created_at": "2024-09-17T21:04:35.436Z"
    }
},
{
    "model": "products.favorite",
    "pk": 13,
    "fields": {
        "product": 2,
        "session_key": "m6tj41ihb0xgi3ygu5f25brbtt5u5b4e",
        "created_at": "2024-09-17T21:09:48.200Z"
    }
},
{
    "model": "products.favorite",
    "pk": 15,
    "fields": {
        "product": 2,
        "session_key": "pxqt5ox4eyosgl6ectfbl1wlfqa3olh6",
        "created_at": "2024-09-17T21:23:41.354Z"
    }
},
{
    "model": "products.favorite",
    "pk": 16,
    "fields": {
        "product": 7,
        "session_key": "pxqt5ox4eyosgl6ectfbl1wlfqa3olh6",
        "created_at": "2024-09-17T21:27:35.031Z"
    }
},
{
    "model": "products.favorite",
    "pk": 19,
    "fields": {
        "product": 1,
        "session_key": "0shspc9ouoxsdd6xkmlzt8wbgpkppnhu",
        "created_at": "2024-09-17T21:34:39.612Z"
    }
},
{
    "model": "products.favorite",
    "pk": 20,
    "fields": {
        "product": 3,
        "session_key": "0shspc9ouoxsdd6xkmlzt8wbgpkppnhu",
        "created_at": "2024-09-17T21:39:57.916Z"
    }
},
{
    "model": "products.favorite",
    "pk": 21,
    "fields": {
        "product": 2,
        "session_key": "0shspc9ouoxsdd6xkmlzt8wbgpkppnhu",
        "created_at": "2024-09-17T21:41:24.626Z"
    }
},
{
    "model": "products.favorite",
    "pk": 29,
    "fields": {
        "product": 4,
        "session_key": "ji9sxt598adi3a02jh6yu04smtj8s9vr",
        "created_at": "2024-09-18T07:44:17.924Z"
    }
},
{
    "model": "products.favorite",
    "pk": 30,
    "fields": {
        "product": 3,
        "session_key": "ji9sxt598adi3a02jh6yu04smtj8s9vr",
        "created_at": "2024-09-18T07:46:31.229Z"
    }
},
{
    "model": "products.favorite",
    "pk": 31,
    "fields": {
        "product": 25,
        "session_key": "ji9sxt598adi3a02jh6yu04smtj8s9vr",
        "created_at": "2024-09-18T07:53:51.933Z"
    }
},
{
    "model": "products.favorite",
    "pk": 32,
    "fields": {
        "product": 5,
        "session_key": "ji9sxt598adi3a02jh6yu04smtj8s9vr",
        "created_at": "2024-09-18T07:56:08.907Z"
    }
},
{
    "model": "products.favorite",
    "pk": 33,
    "fields": {
        "product": 2,
        "session_key": "ji9sxt598adi3a02jh6yu04smtj8s9vr",
        "created_at": "2024-09-18T07:58:32.607Z"
    }
},
{
    "model": "products.favorite",
    "pk": 34,
    "fields": {
        "product": 6,
        "session_key": "ji9sxt598adi3a02jh6yu04smtj8s9vr",
        "created_at": "2024-09-18T08:05:04.599Z"
    }
},
{
    "model": "products.favorite",
    "pk": 35,
    "fields": {
        "product": 3,
        "session_key": "munltgpulzcufmc5ekzujws0yxw77lz2",
        "created_at": "2024-09-18T08:13:42.889Z"
    }
},
{
    "model": "products.favorite",
    "pk": 36,
    "fields": {
        "product": 2,
        "session_key": "munltgpulzcufmc5ekzujws0yxw77lz2",
        "created_at": "2024-09-18T08:14:09.111Z"
    }
},
{
    "model": "products.newslettersubscriber",
    "pk": 1,
    "fields": {
        "email": "tetst@test.co",
        "created_at": "2024-10-05T13:34:27.833Z"
    }
},
{
    "model": "products.newslettersubscriber",
    "pk": 2,
    "fields": {
        "email": "toster@te.co",
        "created_at": "2024-10-05T13:35:06.652Z"
    }
},
{
    "model": "auth.permission",
    "fields": {
        "name": "Can add log entry",
        "content_type": [
            "admin",
            "logentry"
        ],
        "codename": "add_logentry"
    }
},
{
    "model": "auth.permission",
    "fields": {
        "name": "Can change log entry",
        "content_type": [
            "admin",
            "logentry"
        ],
        "codename": "change_logentry"
    }
},
{
    "model": "auth.permission",
    "fields": {
        "name": "Can delete log entry",
        "content_type": [
            "admin",
            "logentry"
        ],
        "codename": "delete_logentry"
    }
},
{
    "model": "auth.permission",
    "fields": {
        "name": "Can view log entry",
        "content_type": [
            "admin",
            "logentry"
        ],
        "codename": "view_logentry"
    }
},
{
    "model": "auth.permission",
    "fields": {
        "name": "Can add permission",
        "content_type": [
            "auth",
            "permission"
        ],
        "codename": "add_permission"
    }
},
{
    "model": "auth.permission",
    "fields": {
        "name": "Can change permission",
        "content_type": [
            "auth",
            "permission"
        ],
        "codename": "change_permission"
    }
},
{
    "model": "auth.permission",
    "fields": {
        "name": "Can delete permission",
        "content_type": [
            "auth",
            "permission"
        ],
        "codename": "delete_permission"
    }
},
{
    "model": "auth.permission",
    "fields": {
        "name": "Can view permission",
        "content_type": [
            "auth",
            "permission"
        ],
        "codename": "view_permission"
    }
},
{
    "model": "auth.permission",
    "fields": {
        "name": "Can add group",
        "content_type": [
            "auth",
            "group"
        ],
        "codename": "add_group"
    }
},
{
    "model": "auth.permission",
    "fields": {
        "name": "Can change group",
        "content_type": [
            "auth",
            "group"
        ],
        "codename": "change_group"
    }
},
{
    "model": "auth.permission",
    "fields": {
        "name": "Can delete group",
        "content_type": [
            "auth",
            "group"
        ],
        "codename": "delete_group"
    }
},
{
    "model": "auth.permission",
    "fields": {
        "name": "Can view group",
        "content_type": [
            "auth",
            "group"
        ],
        "codename": "view_group"
    }
},
{
    "model": "auth.permission",
    "fields": {
        "name": "Can add content type",
        "content_type": [
            "contenttypes",
            "contenttype"
        ],
        "codename": "add_contenttype"
    }
},
{
    "model": "auth.permission",
    "fields": {
        "name": "Can change content type",
        "content_type": [
            "contenttypes",
            "contenttype"
        ],
        "codename": "change_contenttype"
    }
},
{
    "model": "auth.permission",
    "fields": {
        "name": "Can delete content type",
        "content_type": [
            "contenttypes",
            "contenttype"
        ],
        "codename": "delete_contenttype"
    }
},
{
    "model": "auth.permission",
    "fields": {
        "name": "Can view content type",
        "content_type": [
            "contenttypes",
            "contenttype"
        ],
        "codename": "view_contenttype"
    }
},
{
    "model": "auth.permission",
    "fields": {
        "name": "Can add session",
        "content_type": [
            "sessions",
            "session"
        ],
        "codename": "add_session"
    }
},
{
    "model": "auth.permission",
    "fields": {
        "name": "Can change session",
        "content_type": [
            "sessions",
            "session"
        ],
        "codename": "change_session"
    }
},
{
    "model": "auth.permission",
    "fields": {
        "name": "Can delete session",
        "content_type": [
            "sessions",
            "session"
        ],
        "codename": "delete_session"
    }
},
{
    "model": "auth.permission",
    "fields": {
        "name": "Can view session",
        "content_type": [
            "sessions",
            "session"
        ],
        "codename": "view_session"
    }
},
{
    "model": "auth.permission",
    "fields": {
        "name": "Can add user",
        "content_type": [
            "account",
            "user"
        ],
        "codename": "add_user"
    }
},
{
    "model": "auth.permission",
    "fields": {
        "name": "Can change user",
        "content_type": [
            "account",
            "user"
        ],
        "codename": "change_user"
    }
},
{
    "model": "auth.permission",
    "fields": {
        "name": "Can delete user",
        "content_type": [
            "account",
            "user"
        ],
        "codename": "delete_user"
    }
},
{
    "model": "auth.permission",
    "fields": {
        "name": "Can view user",
        "content_type": [
            "account",
            "user"
        ],
        "codename": "view_user"
    }
},
{
    "model": "auth.permission",
    "fields": {
        "name": "Can add characteristic",
        "content_type": [
            "products",
            "characteristic"
        ],
        "codename": "add_characteristic"
    }
},
{
    "model": "auth.permission",
    "fields": {
        "name": "Can change characteristic",
        "content_type": [
            "products",
            "characteristic"
        ],
        "codename": "change_characteristic"
    }
},
{
    "model": "auth.permission",
    "fields": {
        "name": "Can delete characteristic",
        "content_type": [
            "products",
            "characteristic"
        ],
        "codename": "delete_characteristic"
    }
},
{
    "model": "auth.permission",
    "fields": {
        "name": "Can view characteristic",
        "content_type": [
            "products",
            "characteristic"
        ],
        "codename": "view_characteristic"
    }
},
{
    "model": "auth.permission",
    "fields": {
        "name": "Can add gallery image",
        "content_type": [
            "products",
            "galleryimage"
        ],
        "codename": "add_galleryimage"
    }
},
{
    "model": "auth.permission",
    "fields": {
        "name": "Can change gallery image",
        "content_type": [
            "products",
            "galleryimage"
        ],
        "codename": "change_galleryimage"
    }
},
{
    "model": "auth.permission",
    "fields": {
        "name": "Can delete gallery image",
        "content_type": [
            "products",
            "galleryimage"
        ],
        "codename": "delete_galleryimage"
    }
},
{
    "model": "auth.permission",
    "fields": {
        "name": "Can view gallery image",
        "content_type": [
            "products",
            "galleryimage"
        ],
        "codename": "view_galleryimage"
    }
},
{
    "model": "auth.permission",
    "fields": {
        "name": "Can add hero image",
        "content_type": [
            "products",
            "heroimage"
        ],
        "codename": "add_heroimage"
    }
},
{
    "model": "auth.permission",
    "fields": {
        "name": "Can change hero image",
        "content_type": [
            "products",
            "heroimage"
        ],
        "codename": "change_heroimage"
    }
},
{
    "model": "auth.permission",
    "fields": {
        "name": "Can delete hero image",
        "content_type": [
            "products",
            "heroimage"
        ],
        "codename": "delete_heroimage"
    }
},
{
    "model": "auth.permission",
    "fields": {
        "name": "Can view hero image",
        "content_type": [
            "products",
            "heroimage"
        ],
        "codename": "view_heroimage"
    }
},
{
    "model": "auth.permission",
    "fields": {
        "name": "Can add order",
        "content_type": [
            "products",
            "order"
        ],
        "codename": "add_order"
    }
},
{
    "model": "auth.permission",
    "fields": {
        "name": "Can change order",
        "content_type": [
            "products",
            "order"
        ],
        "codename": "change_order"
    }
},
{
    "model": "auth.permission",
    "fields": {
        "name": "Can delete order",
        "content_type": [
            "products",
            "order"
        ],
        "codename": "delete_order"
    }
},
{
    "model": "auth.permission",
    "fields": {
        "name": "Can view order",
        "content_type": [
            "products",
            "order"
        ],
        "codename": "view_order"
    }
},
{
    "model": "auth.permission",
    "fields": {
        "name": "Can add page",
        "content_type": [
            "products",
            "page"
        ],
        "codename": "add_page"
    }
},
{
    "model": "auth.permission",
    "fields": {
        "name": "Can change page",
        "content_type": [
            "products",
            "page"
        ],
        "codename": "change_page"
    }
},
{
    "model": "auth.permission",
    "fields": {
        "name": "Can delete page",
        "content_type": [
            "products",
            "page"
        ],
        "codename": "delete_page"
    }
},
{
    "model": "auth.permission",
    "fields": {
        "name": "Can view page",
        "content_type": [
            "products",
            "page"
        ],
        "codename": "view_page"
    }
},
{
    "model": "auth.permission",
    "fields": {
        "name": "Can add product",
        "content_type": [
            "products",
            "product"
        ],
        "codename": "add_product"
    }
},
{
    "model": "auth.permission",
    "fields": {
        "name": "Can change product",
        "content_type": [
            "products",
            "product"
        ],
        "codename": "change_product"
    }
},
{
    "model": "auth.permission",
    "fields": {
        "name": "Can delete product",
        "content_type": [
            "products",
            "product"
        ],
        "codename": "delete_product"
    }
},
{
    "model": "auth.permission",
    "fields": {
        "name": "Can view product",
        "content_type": [
            "products",
            "product"
        ],
        "codename": "view_product"
    }
},
{
    "model": "auth.permission",
    "fields": {
        "name": "Can add product characteristic",
        "content_type": [
            "products",
            "productcharacteristic"
        ],
        "codename": "add_productcharacteristic"
    }
},
{
    "model": "auth.permission",
    "fields": {
        "name": "Can change product characteristic",
        "content_type": [
            "products",
            "productcharacteristic"
        ],
        "codename": "change_productcharacteristic"
    }
},
{
    "model": "auth.permission",
    "fields": {
        "name": "Can delete product characteristic",
        "content_type": [
            "products",
            "productcharacteristic"
        ],
        "codename": "delete_productcharacteristic"
    }
},
{
    "model": "auth.permission",
    "fields": {
        "name": "Can view product characteristic",
        "content_type": [
            "products",
            "productcharacteristic"
        ],
        "codename": "view_productcharacteristic"
    }
},
{
    "model": "auth.permission",
    "fields": {
        "name": "Can add favorite",
        "content_type": [
            "products",
            "favorite"
        ],
        "codename": "add_favorite"
    }
},
{
    "model": "auth.permission",
    "fields": {
        "name": "Can change favorite",
        "content_type": [
            "products",
            "favorite"
        ],
        "codename": "change_favorite"
    }
},
{
    "model": "auth.permission",
    "fields": {
        "name": "Can delete favorite",
        "content_type": [
            "products",
            "favorite"
        ],
        "codename": "delete_favorite"
    }
},
{
    "model": "auth.permission",
    "fields": {
        "name": "Can view favorite",
        "content_type": [
            "products",
            "favorite"
        ],
        "codename": "view_favorite"
    }
},
{
    "model": "auth.permission",
    "fields": {
        "name": "Can add product type",
        "content_type": [
            "products",
            "producttype"
        ],
        "codename": "add_producttype"
    }
},
{
    "model": "auth.permission",
    "fields": {
        "name": "Can change product type",
        "content_type": [
            "products",
            "producttype"
        ],
        "codename": "change_producttype"
    }
},
{
    "model": "auth.permission",
    "fields": {
        "name": "Can delete product type",
        "content_type": [
            "products",
            "producttype"
        ],
        "codename": "delete_producttype"
    }
},
{
    "model": "auth.permission",
    "fields": {
        "name": "Can view product type",
        "content_type": [
            "products",
            "producttype"
        ],
        "codename": "view_producttype"
    }
},
{
    "model": "auth.permission",
    "fields": {
        "name": "Can add characteristic value",
        "content_type": [
            "products",
            "characteristicvalue"
        ],
        "codename": "add_characteristicvalue"
    }
},
{
    "model": "auth.permission",
    "fields": {
        "name": "Can change characteristic value",
        "content_type": [
            "products",
            "characteristicvalue"
        ],
        "codename": "change_characteristicvalue"
    }
},
{
    "model": "auth.permission",
    "fields": {
        "name": "Can delete characteristic value",
        "content_type": [
            "products",
            "characteristicvalue"
        ],
        "codename": "delete_characteristicvalue"
    }
},
{
    "model": "auth.permission",
    "fields": {
        "name": "Can view characteristic value",
        "content_type": [
            "products",
            "characteristicvalue"
        ],
        "codename": "view_characteristicvalue"
    }
},
{
    "model": "auth.permission",
    "fields": {
        "name": "Can add product image",
        "content_type": [
            "products",
            "productimage"
        ],
        "codename": "add_productimage"
    }
},
{
    "model": "auth.permission",
    "fields": {
        "name": "Can change product image",
        "content_type": [
            "products",
            "productimage"
        ],
        "codename": "change_productimage"
    }
},
{
    "model": "auth.permission",
    "fields": {
        "name": "Can delete product image",
        "content_type": [
            "products",
            "productimage"
        ],
        "codename": "delete_productimage"
    }
},
{
    "model": "auth.permission",
    "fields": {
        "name": "Can view product image",
        "content_type": [
            "products",
            "productimage"
        ],
        "codename": "view_productimage"
    }
},
{
    "model": "auth.permission",
    "fields": {
        "name": "Can add newsletter subscriber",
        "content_type": [
            "products",
            "newslettersubscriber"
        ],
        "codename": "add_newslettersubscriber"
    }
},
{
    "model": "auth.permission",
    "fields": {
        "name": "Can change newsletter subscriber",
        "content_type": [
            "products",
            "newslettersubscriber"
        ],
        "codename": "change_newslettersubscriber"
    }
},
{
    "model": "auth.permission",
    "fields": {
        "name": "Can delete newsletter subscriber",
        "content_type": [
            "products",
            "newslettersubscriber"
        ],
        "codename": "delete_newslettersubscriber"
    }
},
{
    "model": "auth.permission",
    "fields": {
        "name": "Can view newsletter subscriber",
        "content_type": [
            "products",
            "newslettersubscriber"
        ],
        "codename": "view_newslettersubscriber"
    }
},
{
    "model": "auth.permission",
    "fields": {
        "name": "Can add order item",
        "content_type": [
            "products",
            "orderitem"
        ],
        "codename": "add_orderitem"
    }
},
{
    "model": "auth.permission",
    "fields": {
        "name": "Can change order item",
        "content_type": [
            "products",
            "orderitem"
        ],
        "codename": "change_orderitem"
    }
},
{
    "model": "auth.permission",
    "fields": {
        "name": "Can delete order item",
        "content_type": [
            "products",
            "orderitem"
        ],
        "codename": "delete_orderitem"
    }
},
{
    "model": "auth.permission",
    "fields": {
        "name": "Can view order item",
        "content_type": [
            "products",
            "orderitem"
        ],
        "codename": "view_orderitem"
    }
},
{
    "model": "account.user",
    "fields": {
        "password": "pbkdf2_sha256$870000$xZKkR76mfUCigrkhcJUCpl$sQMLzebDhJRLFTvHCazQF8QvwGO5ixeNYYMDh4PW1Ek=",
        "id": "fd58ee17-9845-41b1-b6c6-c44615ca394d",
        "name": null,
        "email": "test@test.com",
        "username": "test",
        "is_staff": true,
        "is_superuser": true,
        "is_active": true,
        "date_joined": "2024-09-17T15:52:29.455Z",
        "last_login": null,
        "groups": [],
        "user_permissions": []
    }
},
{
    "model": "account.user",
    "fields": {
        "password": "pbkdf2_sha256$870000$le2XF7dPnjSAgvoiqneru8$HQ/ZsF+hZCwuF28QQ1kf5A4pc+rSKs+W9VkeVoNnOwU=",
        "id": "97e6b700-9215-4649-a900-624ff6ff56c4",
        "name": null,
        "email": "test@test.test",
        "username": "test1",
        "is_staff": true,
        "is_superuser": true,
        "is_active": true,
        "date_joined": "2024-09-17T15:55:09.941Z",
        "last_login": "2025-03-16T14:14:33.989Z",
        "groups": [],
        "user_permissions": []
    }
},
{
    "model": "admin.logentry",
    "pk": 1,
    "fields": {
        "action_time": "2024-09-17T15:58:06.859Z",
        "user": [
            "test@test.test"
        ],
        "content_type": [
            "products",
            "product"
        ],
        "object_id": "1",
        "object_repr": "test 1",
        "action_flag": 1,
        "change_message": "[{\"added\": {}}]"
    }
},
{
    "model": "admin.logentry",
    "pk": 2,
    "fields": {
        "action_time": "2024-09-17T15:58:21.429Z",
        "user": [
            "test@test.test"
        ],
        "content_type": [
            "products",
            "product"
        ],
        "object_id": "2",
        "object_repr": "test 2",
        "action_flag": 1,
        "change_message": "[{\"added\": {}}]"
    }
},
{
    "model": "admin.logentry",
    "pk": 3,
    "fields": {
        "action_time": "2024-09-17T15:58:37.010Z",
        "user": [
            "test@test.test"
        ],
        "content_type": [
            "products",
            "product"
        ],
        "object_id": "3",
        "object_repr": "test 3",
        "action_flag": 1,
        "change_message": "[{\"added\": {}}]"
    }
},
{
    "model": "admin.logentry",
    "pk": 4,
    "fields": {
        "action_time": "2024-09-17T15:58:50.754Z",
        "user": [
            "test@test.test"
        ],
        "content_type": [
            "products",
            "product"
        ],
        "object_id": "4",
        "object_repr": "test 4",
        "action_flag": 1,
        "change_message": "[{\"added\": {}}]"
    }
},
{
    "model": "admin.logentry",
    "pk": 5,
    "fields": {
        "action_time": "2024-09-17T15:59:02.881Z",
        "user": [
            "test@test.test"
        ],
        "content_type": [
            "products",
            "product"
        ],
        "object_id": "5",
        "object_repr": "test 5",
        "action_flag": 1,
        "change_message": "[{\"added\": {}}]"
    }
},
{
    "model": "admin.logentry",
    "pk": 6,
    "fields": {
        "action_time": "2024-09-17T15:59:16.509Z",
        "user": [
            "test@test.test"
        ],
        "content_type": [
            "products",
            "product"
        ],
        "object_id": "6",
        "object_repr": "test 6",
        "action_flag": 1,
        "change_message": "[{\"added\": {}}]"
    }
},
{
    "model": "admin.logentry",
    "pk": 7,
    "fields": {
        "action_time": "2024-09-17T15:59:30.443Z",
        "user": [
            "test@test.test"
        ],
        "content_type": [
            "products",
            "product"
        ],
        "object_id": "7",
        "object_repr": "test 7",
        "action_flag": 1,
        "change_message": "[{\"added\": {}}]"
    }
},
{
    "model": "admin.logentry",
    "pk": 8,
    "fields": {
        "action_time": "2024-09-17T15:59:42.795Z",
        "user": [
            "test@test.test"
        ],
        "content_type": [
            "products",
            "product"
        ],
        "object_id": "8",
        "object_repr": "test 8",
        "action_flag": 1,
        "change_message": "[{\"added\": {}}]"
    }
},
{
    "model": "admin.logentry",
    "pk": 9,
    "fields": {
        "action_time": "2024-09-17T15:59:54.596Z",
        "user": [
            "test@test.test"
        ],
        "content_type": [
            "products",
            "product"
        ],
        "object_id": "9",
        "object_repr": "test 9",
        "action_flag": 1,
        "change_message": "[{\"added\": {}}]"
    }
},
{
    "model": "admin.logentry",
    "pk": 10,
    "fields": {
        "action_time": "2024-09-17T16:00:07.752Z",
        "user": [
            "test@test.test"
        ],
        "content_type": [
            "products",
            "product"
        ],
        "object_id": "10",
        "object_repr": "test 10",
        "action_flag": 1,
        "change_message": "[{\"added\": {}}]"
    }
},
{
    "model": "admin.logentry",
    "pk": 11,
    "fields": {
        "action_time": "2024-09-17T16:00:22.484Z",
        "user": [
            "test@test.test"
        ],
        "content_type": [
            "products",
            "product"
        ],
        "object_id": "11",
        "object_repr": "test 11",
        "action_flag": 1,
        "change_message": "[{\"added\": {}}]"
    }
},
{
    "model": "admin.logentry",
    "pk": 12,
    "fields": {
        "action_time": "2024-09-17T16:01:02.351Z",
        "user": [
            "test@test.test"
        ],
        "content_type": [
            "products",
            "product"
        ],
        "object_id": "12",
        "object_repr": "test 12",
        "action_flag": 1,
        "change_message": "[{\"added\": {}}]"
    }
},
{
    "model": "admin.logentry",
    "pk": 13,
    "fields": {
        "action_time": "2024-09-17T16:01:18.611Z",
        "user": [
            "test@test.test"
        ],
        "content_type": [
            "products",
            "product"
        ],
        "object_id": "13",
        "object_repr": "test 13",
        "action_flag": 1,
        "change_message": "[{\"added\": {}}]"
    }
},
{
    "model": "admin.logentry",
    "pk": 14,
    "fields": {
        "action_time": "2024-09-17T16:01:33.713Z",
        "user": [
            "test@test.test"
        ],
        "content_type": [
            "products",
            "product"
        ],
        "object_id": "14",
        "object_repr": "test 14",
        "action_flag": 1,
        "change_message": "[{\"added\": {}}]"
    }
},
{
    "model": "admin.logentry",
    "pk": 15,
    "fields": {
        "action_time": "2024-09-17T16:01:59.678Z",
        "user": [
            "test@test.test"
        ],
        "content_type": [
            "products",
            "product"
        ],
        "object_id": "15",
        "object_repr": "test 15",
        "action_flag": 1,
        "change_message": "[{\"added\": {}}]"
    }
},
{
    "model": "admin.logentry",
    "pk": 16,
    "fields": {
        "action_time": "2024-09-17T16:02:12.598Z",
        "user": [
            "test@test.test"
        ],
        "content_type": [
            "products",
            "product"
        ],
        "object_id": "16",
        "object_repr": "test 16",
        "action_flag": 1,
        "change_message": "[{\"added\": {}}]"
    }
},
{
    "model": "admin.logentry",
    "pk": 17,
    "fields": {
        "action_time": "2024-09-17T16:02:32.391Z",
        "user": [
            "test@test.test"
        ],
        "content_type": [
            "products",
            "product"
        ],
        "object_id": "17",
        "object_repr": "test 17",
        "action_flag": 1,
        "change_message": "[{\"added\": {}}]"
    }
},
{
    "model": "admin.logentry",
    "pk": 18,
    "fields": {
        "action_time": "2024-09-17T16:02:47.478Z",
        "user": [
            "test@test.test"
        ],
        "content_type": [
            "products",
            "product"
        ],
        "object_id": "18",
        "object_repr": "test 18",
        "action_flag": 1,
        "change_message": "[{\"added\": {}}]"
    }
},
{
    "model": "admin.logentry",
    "pk": 19,
    "fields": {
        "action_time": "2024-09-17T16:03:03.433Z",
        "user": [
            "test@test.test"
        ],
        "content_type": [
            "products",
            "product"
        ],
        "object_id": "19",
        "object_repr": "test 19",
        "action_flag": 1,
        "change_message": "[{\"added\": {}}]"
    }
},
{
    "model": "admin.logentry",
    "pk": 20,
    "fields": {
        "action_time": "2024-09-17T16:03:15.948Z",
        "user": [
            "test@test.test"
        ],
        "content_type": [
            "products",
            "product"
        ],
        "object_id": "20",
        "object_repr": "test 20",
        "action_flag": 1,
        "change_message": "[{\"added\": {}}]"
    }
},
{
    "model": "admin.logentry",
    "pk": 21,
    "fields": {
        "action_time": "2024-09-17T16:03:32.270Z",
        "user": [
            "test@test.test"
        ],
        "content_type": [
            "products",
            "product"
        ],
        "object_id": "21",
        "object_repr": "test 21",
        "action_flag": 1,
        "change_message": "[{\"added\": {}}]"
    }
},
{
    "model": "admin.logentry",
    "pk": 22,
    "fields": {
        "action_time": "2024-09-17T16:03:51.836Z",
        "user": [
            "test@test.test"
        ],
        "content_type": [
            "products",
            "product"
        ],
        "object_id": "22",
        "object_repr": "test 22",
        "action_flag": 1,
        "change_message": "[{\"added\": {}}]"
    }
},
{
    "model": "admin.logentry",
    "pk": 23,
    "fields": {
        "action_time": "2024-09-17T16:04:06.092Z",
        "user": [
            "test@test.test"
        ],
        "content_type": [
            "products",
            "product"
        ],
        "object_id": "23",
        "object_repr": "test 23",
        "action_flag": 1,
        "change_message": "[{\"added\": {}}]"
    }
},
{
    "model": "admin.logentry",
    "pk": 24,
    "fields": {
        "action_time": "2024-09-17T16:04:16.786Z",
        "user": [
            "test@test.test"
        ],
        "content_type": [
            "products",
            "product"
        ],
        "object_id": "24",
        "object_repr": "test 24",
        "action_flag": 1,
        "change_message": "[{\"added\": {}}]"
    }
},
{
    "model": "admin.logentry",
    "pk": 25,
    "fields": {
        "action_time": "2024-09-17T16:04:35.812Z",
        "user": [
            "test@test.test"
        ],
        "content_type": [
            "products",
            "product"
        ],
        "object_id": "25",
        "object_repr": "test 25",
        "action_flag": 1,
        "change_message": "[{\"added\": {}}]"
    }
},
{
    "model": "admin.logentry",
    "pk": 26,
    "fields": {
        "action_time": "2024-09-17T16:04:48.408Z",
        "user": [
            "test@test.test"
        ],
        "content_type": [
            "products",
            "product"
        ],
        "object_id": "26",
        "object_repr": "test 26",
        "action_flag": 1,
        "change_message": "[{\"added\": {}}]"
    }
},
{
    "model": "admin.logentry",
    "pk": 27,
    "fields": {
        "action_time": "2024-09-17T16:05:01.639Z",
        "user": [
            "test@test.test"
        ],
        "content_type": [
            "products",
            "product"
        ],
        "object_id": "27",
        "object_repr": "test 27",
        "action_flag": 1,
        "change_message": "[{\"added\": {}}]"
    }
},
{
    "model": "admin.logentry",
    "pk": 28,
    "fields": {
        "action_time": "2024-09-17T16:05:13.956Z",
        "user": [
            "test@test.test"
        ],
        "content_type": [
            "products",
            "product"
        ],
        "object_id": "28",
        "object_repr": "test 28",
        "action_flag": 1,
        "change_message": "[{\"added\": {}}]"
    }
},
{
    "model": "admin.logentry",
    "pk": 29,
    "fields": {
        "action_time": "2024-09-17T16:05:26.749Z",
        "user": [
            "test@test.test"
        ],
        "content_type": [
            "products",
            "product"
        ],
        "object_id": "29",
        "object_repr": "test 29",
        "action_flag": 1,
        "change_message": "[{\"added\": {}}]"
    }
},
{
    "model": "admin.logentry",
    "pk": 30,
    "fields": {
        "action_time": "2024-09-17T16:05:41.224Z",
        "user": [
            "test@test.test"
        ],
        "content_type": [
            "products",
            "product"
        ],
        "object_id": "30",
        "object_repr": "test 30",
        "action_flag": 1,
        "change_message": "[{\"added\": {}}]"
    }
},
{
    "model": "admin.logentry",
    "pk": 31,
    "fields": {
        "action_time": "2024-09-17T16:05:57.687Z",
        "user": [
            "test@test.test"
        ],
        "content_type": [
            "products",
            "product"
        ],
        "object_id": "31",
        "object_repr": "test 31",
        "action_flag": 1,
        "change_message": "[{\"added\": {}}]"
    }
},
{
    "model": "admin.logentry",
    "pk": 32,
    "fields": {
        "action_time": "2024-09-17T16:06:17.405Z",
        "user": [
            "test@test.test"
        ],
        "content_type": [
            "products",
            "product"
        ],
        "object_id": "32",
        "object_repr": "test 32",
        "action_flag": 1,
        "change_message": "[{\"added\": {}}]"
    }
},
{
    "model": "admin.logentry",
    "pk": 33,
    "fields": {
        "action_time": "2024-09-19T20:51:36.662Z",
        "user": [
            "test@test.test"
        ],
        "content_type": [
            "products",
            "product"
        ],
        "object_id": "1",
        "object_repr": "test 1",
        "action_flag": 2,
        "change_message": "[{\"changed\": {\"fields\": [\"Is featured\"]}}]"
    }
},
{
    "model": "admin.logentry",
    "pk": 34,
    "fields": {
        "action_time": "2024-09-19T20:51:48.841Z",
        "user": [
            "test@test.test"
        ],
        "content_type": [
            "products",
            "product"
        ],
        "object_id": "2",
        "object_repr": "test 2",
        "action_flag": 2,
        "change_message": "[{\"changed\": {\"fields\": [\"Is featured\"]}}]"
    }
},
{
    "model": "admin.logentry",
    "pk": 35,
    "fields": {
        "action_time": "2024-09-19T20:52:01.095Z",
        "user": [
            "test@test.test"
        ],
        "content_type": [
            "products",
            "product"
        ],
        "object_id": "10",
        "object_repr": "test 10",
        "action_flag": 2,
        "change_message": "[{\"changed\": {\"fields\": [\"Is featured\"]}}]"
    }
},
{
    "model": "admin.logentry",
    "pk": 36,
    "fields": {
        "action_time": "2024-09-19T20:52:07.177Z",
        "user": [
            "test@test.test"
        ],
        "content_type": [
            "products",
            "product"
        ],
        "object_id": "11",
        "object_repr": "test 11",
        "action_flag": 2,
        "change_message": "[{\"changed\": {\"fields\": [\"Is featured\"]}}]"
    }
},
{
    "model": "admin.logentry",
    "pk": 37,
    "fields": {
        "action_time": "2024-09-19T20:52:13.814Z",
        "user": [
            "test@test.test"
        ],
        "content_type": [
            "products",
            "product"
        ],
        "object_id": "12",
        "object_repr": "test 12",
        "action_flag": 2,
        "change_message": "[{\"changed\": {\"fields\": [\"Is featured\"]}}]"
    }
},
{
    "model": "admin.logentry",
    "pk": 38,
    "fields": {
        "action_time": "2024-09-19T20:52:18.996Z",
        "user": [
            "test@test.test"
        ],
        "content_type": [
            "products",
            "product"
        ],
        "object_id": "13",
        "object_repr": "test 13",
        "action_flag": 2,
        "change_message": "[{\"changed\": {\"fields\": [\"Is featured\"]}}]"
    }
},
{
    "model": "admin.logentry",
    "pk": 39,
    "fields": {
        "action_time": "2024-09-19T20:52:27.152Z",
        "user": [
            "test@test.test"
        ],
        "content_type": [
            "products",
            "product"
        ],
        "object_id": "14",
        "object_repr": "test 14",
        "action_flag": 2,
        "change_message": "[{\"changed\": {\"fields\": [\"Is featured\"]}}]"
    }
},
{
    "model": "admin.logentry",
    "pk": 40,
    "fields": {
        "action_time": "2024-09-19T20:52:32.572Z",
        "user": [
            "test@test.test"
        ],
        "content_type": [
            "products",
            "product"
        ],
        "object_id": "15",
        "object_repr": "test 15",
        "action_flag": 2,
        "change_message": "[{\"changed\": {\"fields\": [\"Is featured\"]}}]"
    }
},
{
    "model": "admin.logentry",
    "pk": 41,
    "fields": {
        "action_time": "2024-09-19T20:52:37.950Z",
        "user": [
            "test@test.test"
        ],
        "content_type": [
            "products",
            "product"
        ],
        "object_id": "16",
        "object_repr": "test 16",
        "action_flag": 2,
        "change_message": "[{\"changed\": {\"fields\": [\"Is featured\"]}}]"
    }
},
{
    "model": "admin.logentry",
    "pk": 42,
    "fields": {
        "action_time": "2024-09-19T20:52:43.110Z",
        "user": [
            "test@test.test"
        ],
        "content_type": [
            "products",
            "product"
        ],
        "object_id": "17",
        "object_repr": "test 17",
        "action_flag": 2,
        "change_message": "[{\"changed\": {\"fields\": [\"Is featured\"]}}]"
    }
},
{
    "model": "admin.logentry",
    "pk": 43,
    "fields": {
        "action_time": "2024-09-19T20:52:48.501Z",
        "user": [
            "test@test.test"
        ],
        "content_type": [
            "products",
            "product"
        ],
        "object_id": "18",
        "object_repr": "test 18",
        "action_flag": 2,
        "change_message": "[{\"changed\": {\"fields\": [\"Is featured\"]}}]"
    }
},
{
    "model": "admin.logentry",
    "pk": 44,
    "fields": {
        "action_time": "2024-09-19T20:52:52.976Z",
        "user": [
            "test@test.test"
        ],
        "content_type": [
            "products",
            "product"
        ],
        "object_id": "19",
        "object_repr": "test 19",
        "action_flag": 2,
        "change_message": "[{\"changed\": {\"fields\": [\"Is featured\"]}}]"
    }
},
{
    "model": "admin.logentry",
    "pk": 45,
    "fields": {
        "action_time": "2024-09-19T20:53:03.827Z",
        "user": [
            "test@test.test"
        ],
        "content_type": [
            "products",
            "product"
        ],
        "object_id": "20",
        "object_repr": "test 20",
        "action_flag": 2,
        "change_message": "[{\"changed\": {\"fields\": [\"Is featured\"]}}]"
    }
},
{
    "model": "admin.logentry",
    "pk": 46,
    "fields": {
        "action_time": "2024-09-23T15:34:31.060Z",
        "user": [
            "test@test.test"
        ],
        "content_type": [
            "products",
            "producttype"
        ],
        "object_id": "1",
        "object_repr": "Доска обрезная",
        "action_flag": 1,
        "change_message": "[{\"added\": {}}]"
    }
},
{
    "model": "admin.logentry",
    "pk": 47,
    "fields": {
        "action_time": "2024-09-23T15:35:59.040Z",
        "user": [
            "test@test.test"
        ],
        "content_type": [
            "products",
            "producttype"
        ],
        "object_id": "2",
        "object_repr": "Брус",
        "action_flag": 1,
        "change_message": "[{\"added\": {}}]"
    }
},
{
    "model": "admin.logentry",
    "pk": 48,
    "fields": {
        "action_time": "2024-09-23T15:36:17.691Z",
        "user": [
            "test@test.test"
        ],
        "content_type": [
            "products",
            "producttype"
        ],
        "object_id": "3",
        "object_repr": "Имитация бруса",
        "action_flag": 1,
        "change_message": "[{\"added\": {}}]"
    }
},
{
    "model": "admin.logentry",
    "pk": 49,
    "fields": {
        "action_time": "2024-09-23T15:36:25.483Z",
        "user": [
            "test@test.test"
        ],
        "content_type": [
            "products",
            "producttype"
        ],
        "object_id": "4",
        "object_repr": "Блок-хаус",
        "action_flag": 1,
        "change_message": "[{\"added\": {}}]"
    }
},
{
    "model": "admin.logentry",
    "pk": 50,
    "fields": {
        "action_time": "2024-09-23T15:36:39.681Z",
        "user": [
            "test@test.test"
        ],
        "content_type": [
            "products",
            "producttype"
        ],
        "object_id": "5",
        "object_repr": "Евровагонка",
        "action_flag": 1,
        "change_message": "[{\"added\": {}}]"
    }
},
{
    "model": "admin.logentry",
    "pk": 51,
    "fields": {
        "action_time": "2024-09-23T15:36:50.136Z",
        "user": [
            "test@test.test"
        ],
        "content_type": [
            "products",
            "producttype"
        ],
        "object_id": "6",
        "object_repr": "Половаая доска",
        "action_flag": 1,
        "change_message": "[{\"added\": {}}]"
    }
},
{
    "model": "admin.logentry",
    "pk": 52,
    "fields": {
        "action_time": "2024-09-23T15:37:08.248Z",
        "user": [
            "test@test.test"
        ],
        "content_type": [
            "products",
            "producttype"
        ],
        "object_id": "7",
        "object_repr": "Доска обрезная ТУ",
        "action_flag": 1,
        "change_message": "[{\"added\": {}}]"
    }
},
{
    "model": "admin.logentry",
    "pk": 53,
    "fields": {
        "action_time": "2024-09-23T15:40:19.284Z",
        "user": [
            "test@test.test"
        ],
        "content_type": [
            "products",
            "product"
        ],
        "object_id": "1",
        "object_repr": "test 1",
        "action_flag": 2,
        "change_message": "[{\"changed\": {\"fields\": [\"Product type\"]}}]"
    }
},
{
    "model": "admin.logentry",
    "pk": 54,
    "fields": {
        "action_time": "2024-09-23T15:40:43.530Z",
        "user": [
            "test@test.test"
        ],
        "content_type": [
            "products",
            "product"
        ],
        "object_id": "10",
        "object_repr": "test 10",
        "action_flag": 2,
        "change_message": "[{\"changed\": {\"fields\": [\"Product type\"]}}]"
    }
},
{
    "model": "admin.logentry",
    "pk": 55,
    "fields": {
        "action_time": "2024-09-23T15:40:50.351Z",
        "user": [
            "test@test.test"
        ],
        "content_type": [
            "products",
            "product"
        ],
        "object_id": "11",
        "object_repr": "test 11",
        "action_flag": 2,
        "change_message": "[{\"changed\": {\"fields\": [\"Product type\"]}}]"
    }
},
{
    "model": "admin.logentry",
    "pk": 56,
    "fields": {
        "action_time": "2024-09-23T15:40:58.175Z",
        "user": [
            "test@test.test"
        ],
        "content_type": [
            "products",
            "product"
        ],
        "object_id": "12",
        "object_repr": "test 12",
        "action_flag": 2,
        "change_message": "[{\"changed\": {\"fields\": [\"Product type\"]}}]"
    }
},
{
    "model": "admin.logentry",
    "pk": 57,
    "fields": {
        "action_time": "2024-09-23T15:41:04.803Z",
        "user": [
            "test@test.test"
        ],
        "content_type": [
            "products",
            "product"
        ],
        "object_id": "13",
        "object_repr": "test 13",
        "action_flag": 2,
        "change_message": "[{\"changed\": {\"fields\": [\"Product type\"]}}]"
    }
},
{
    "model": "admin.logentry",
    "pk": 58,
    "fields": {
        "action_time": "2024-09-23T15:41:12.505Z",
        "user": [
            "test@test.test"
        ],
        "content_type": [
            "products",
            "product"
        ],
        "object_id": "14",
        "object_repr": "test 14",
        "action_flag": 2,
        "change_message": "[{\"changed\": {\"fields\": [\"Product type\"]}}]"
    }
},
{
    "model": "admin.logentry",
    "pk": 59,
    "fields": {
        "action_time": "2024-09-23T15:41:27.267Z",
        "user": [
            "test@test.test"
        ],
        "content_type": [
            "products",
            "product"
        ],
        "object_id": "15",
        "object_repr": "test 15",
        "action_flag": 2,
        "change_message": "[{\"changed\": {\"fields\": [\"Product type\"]}}]"
    }
},
{
    "model": "admin.logentry",
    "pk": 60,
    "fields": {
        "action_time": "2024-09-23T15:41:34.304Z",
        "user": [
            "test@test.test"
        ],
        "content_type": [
            "products",
            "product"
        ],
        "object_id": "16",
        "object_repr": "test 16",
        "action_flag": 2,
        "change_message": "[{\"changed\": {\"fields\": [\"Product type\"]}}]"
    }
},
{
    "model": "admin.logentry",
    "pk": 61,
    "fields": {
        "action_time": "2024-09-23T15:41:44.255Z",
        "user": [
            "test@test.test"
        ],
        "content_type": [
            "products",
            "product"
        ],
        "object_id": "17",
        "object_repr": "test 17",
        "action_flag": 2,
        "change_message": "[{\"changed\": {\"fields\": [\"Product type\"]}}]"
    }
},
{
    "model": "admin.logentry",
    "pk": 62,
    "fields": {
        "action_time": "2024-09-23T15:41:50.465Z",
        "user": [
            "test@test.test"
        ],
        "content_type": [
            "products",
            "product"
        ],
        "object_id": "18",
        "object_repr": "test 18",
        "action_flag": 2,
        "change_message": "[{\"changed\": {\"fields\": [\"Product type\"]}}]"
    }
},
{
    "model": "admin.logentry",
    "pk": 63,
    "fields": {
        "action_time": "2024-09-23T15:41:57.068Z",
        "user": [
            "test@test.test"
        ],
        "content_type": [
            "products",
            "product"
        ],
        "object_id": "19",
        "object_repr": "test 19",
        "action_flag": 2,
        "change_message": "[{\"changed\": {\"fields\": [\"Product type\"]}}]"
    }
},
{
    "model": "admin.logentry",
    "pk": 64,
    "fields": {
        "action_time": "2024-09-23T15:42:03.021Z",
        "user": [
            "test@test.test"
        ],
        "content_type": [
            "products",
            "product"
        ],
        "object_id": "2",
        "object_repr": "test 2",
        "action_flag": 2,
        "change_message": "[{\"changed\": {\"fields\": [\"Product type\"]}}]"
    }
},
{
    "model": "admin.logentry",
    "pk": 65,
    "fields": {
        "action_time": "2024-09-23T15:42:30.061Z",
        "user": [
            "test@test.test"
        ],
        "content_type": [
            "products",
            "product"
        ],
        "object_id": "20",
        "object_repr": "test 20",
        "action_flag": 2,
        "change_message": "[{\"changed\": {\"fields\": [\"Product type\"]}}]"
    }
},
{
    "model": "admin.logentry",
    "pk": 66,
    "fields": {
        "action_time": "2024-09-23T15:42:35.772Z",
        "user": [
            "test@test.test"
        ],
        "content_type": [
            "products",
            "product"
        ],
        "object_id": "21",
        "object_repr": "test 21",
        "action_flag": 2,
        "change_message": "[{\"changed\": {\"fields\": [\"Product type\"]}}]"
    }
},
{
    "model": "admin.logentry",
    "pk": 67,
    "fields": {
        "action_time": "2024-09-23T15:42:41.691Z",
        "user": [
            "test@test.test"
        ],
        "content_type": [
            "products",
            "product"
        ],
        "object_id": "22",
        "object_repr": "test 22",
        "action_flag": 2,
        "change_message": "[{\"changed\": {\"fields\": [\"Product type\"]}}]"
    }
},
{
    "model": "admin.logentry",
    "pk": 68,
    "fields": {
        "action_time": "2024-09-23T15:42:47.981Z",
        "user": [
            "test@test.test"
        ],
        "content_type": [
            "products",
            "product"
        ],
        "object_id": "23",
        "object_repr": "test 23",
        "action_flag": 2,
        "change_message": "[{\"changed\": {\"fields\": [\"Product type\"]}}]"
    }
},
{
    "model": "admin.logentry",
    "pk": 69,
    "fields": {
        "action_time": "2024-09-23T15:42:53.161Z",
        "user": [
            "test@test.test"
        ],
        "content_type": [
            "products",
            "product"
        ],
        "object_id": "24",
        "object_repr": "test 24",
        "action_flag": 2,
        "change_message": "[{\"changed\": {\"fields\": [\"Product type\"]}}]"
    }
},
{
    "model": "admin.logentry",
    "pk": 70,
    "fields": {
        "action_time": "2024-09-23T15:42:59.056Z",
        "user": [
            "test@test.test"
        ],
        "content_type": [
            "products",
            "product"
        ],
        "object_id": "25",
        "object_repr": "test 25",
        "action_flag": 2,
        "change_message": "[{\"changed\": {\"fields\": [\"Product type\"]}}]"
    }
},
{
    "model": "admin.logentry",
    "pk": 71,
    "fields": {
        "action_time": "2024-09-23T15:43:08.376Z",
        "user": [
            "test@test.test"
        ],
        "content_type": [
            "products",
            "product"
        ],
        "object_id": "26",
        "object_repr": "test 26",
        "action_flag": 2,
        "change_message": "[{\"changed\": {\"fields\": [\"Product type\"]}}]"
    }
},
{
    "model": "admin.logentry",
    "pk": 72,
    "fields": {
        "action_time": "2024-09-23T15:43:15.226Z",
        "user": [
            "test@test.test"
        ],
        "content_type": [
            "products",
            "product"
        ],
        "object_id": "27",
        "object_repr": "test 27",
        "action_flag": 2,
        "change_message": "[{\"changed\": {\"fields\": [\"Product type\"]}}]"
    }
},
{
    "model": "admin.logentry",
    "pk": 73,
    "fields": {
        "action_time": "2024-09-23T15:43:22.393Z",
        "user": [
            "test@test.test"
        ],
        "content_type": [
            "products",
            "product"
        ],
        "object_id": "28",
        "object_repr": "test 28",
        "action_flag": 2,
        "change_message": "[{\"changed\": {\"fields\": [\"Product type\"]}}]"
    }
},
{
    "model": "admin.logentry",
    "pk": 74,
    "fields": {
        "action_time": "2024-09-23T15:43:27.985Z",
        "user": [
            "test@test.test"
        ],
        "content_type": [
            "products",
            "product"
        ],
        "object_id": "29",
        "object_repr": "test 29",
        "action_flag": 2,
        "change_message": "[{\"changed\": {\"fields\": [\"Product type\"]}}]"
    }
},
{
    "model": "admin.logentry",
    "pk": 75,
    "fields": {
        "action_time": "2024-09-23T15:43:33.777Z",
        "user": [
            "test@test.test"
        ],
        "content_type": [
            "products",
            "product"
        ],
        "object_id": "3",
        "object_repr": "test 3",
        "action_flag": 2,
        "change_message": "[{\"changed\": {\"fields\": [\"Product type\"]}}]"
    }
},
{
    "model": "admin.logentry",
    "pk": 76,
    "fields": {
        "action_time": "2024-09-23T15:43:40.036Z",
        "user": [
            "test@test.test"
        ],
        "content_type": [
            "products",
            "product"
        ],
        "object_id": "30",
        "object_repr": "test 30",
        "action_flag": 2,
        "change_message": "[{\"changed\": {\"fields\": [\"Product type\"]}}]"
    }
},
{
    "model": "admin.logentry",
    "pk": 77,
    "fields": {
        "action_time": "2024-09-23T15:43:46.896Z",
        "user": [
            "test@test.test"
        ],
        "content_type": [
            "products",
            "product"
        ],
        "object_id": "31",
        "object_repr": "test 31",
        "action_flag": 2,
        "change_message": "[{\"changed\": {\"fields\": [\"Product type\"]}}]"
    }
},
{
    "model": "admin.logentry",
    "pk": 78,
    "fields": {
        "action_time": "2024-09-23T15:43:52.932Z",
        "user": [
            "test@test.test"
        ],
        "content_type": [
            "products",
            "product"
        ],
        "object_id": "32",
        "object_repr": "test 32",
        "action_flag": 2,
        "change_message": "[{\"changed\": {\"fields\": [\"Product type\"]}}]"
    }
},
{
    "model": "admin.logentry",
    "pk": 79,
    "fields": {
        "action_time": "2024-09-23T15:43:59.236Z",
        "user": [
            "test@test.test"
        ],
        "content_type": [
            "products",
            "product"
        ],
        "object_id": "4",
        "object_repr": "test 4",
        "action_flag": 2,
        "change_message": "[{\"changed\": {\"fields\": [\"Product type\"]}}]"
    }
},
{
    "model": "admin.logentry",
    "pk": 80,
    "fields": {
        "action_time": "2024-09-23T15:44:05.972Z",
        "user": [
            "test@test.test"
        ],
        "content_type": [
            "products",
            "product"
        ],
        "object_id": "5",
        "object_repr": "test 5",
        "action_flag": 2,
        "change_message": "[{\"changed\": {\"fields\": [\"Product type\"]}}]"
    }
},
{
    "model": "admin.logentry",
    "pk": 81,
    "fields": {
        "action_time": "2024-09-23T15:44:14.858Z",
        "user": [
            "test@test.test"
        ],
        "content_type": [
            "products",
            "product"
        ],
        "object_id": "6",
        "object_repr": "test 6",
        "action_flag": 2,
        "change_message": "[{\"changed\": {\"fields\": [\"Product type\"]}}]"
    }
},
{
    "model": "admin.logentry",
    "pk": 82,
    "fields": {
        "action_time": "2024-09-23T15:44:20.534Z",
        "user": [
            "test@test.test"
        ],
        "content_type": [
            "products",
            "product"
        ],
        "object_id": "7",
        "object_repr": "test 7",
        "action_flag": 2,
        "change_message": "[{\"changed\": {\"fields\": [\"Product type\"]}}]"
    }
},
{
    "model": "admin.logentry",
    "pk": 83,
    "fields": {
        "action_time": "2024-09-23T15:44:28.128Z",
        "user": [
            "test@test.test"
        ],
        "content_type": [
            "products",
            "product"
        ],
        "object_id": "8",
        "object_repr": "test 8",
        "action_flag": 2,
        "change_message": "[{\"changed\": {\"fields\": [\"Product type\"]}}]"
    }
},
{
    "model": "admin.logentry",
    "pk": 84,
    "fields": {
        "action_time": "2024-09-23T15:44:35.057Z",
        "user": [
            "test@test.test"
        ],
        "content_type": [
            "products",
            "product"
        ],
        "object_id": "9",
        "object_repr": "test 9",
        "action_flag": 2,
        "change_message": "[{\"changed\": {\"fields\": [\"Product type\"]}}]"
    }
},
{
    "model": "admin.logentry",
    "pk": 85,
    "fields": {
        "action_time": "2024-09-24T20:01:15.982Z",
        "user": [
            "test@test.test"
        ],
        "content_type": [
            "products",
            "characteristic"
        ],
        "object_id": "1",
        "object_repr": "Материал",
        "action_flag": 1,
        "change_message": "[{\"added\": {}}, {\"added\": {\"name\": \"characteristic value\", \"object\": \"\\u041c\\u0430\\u0442\\u0435\\u0440\\u0438\\u0430\\u043b: \\u0421\\u043e\\u0441\\u043d\\u0430\"}}, {\"added\": {\"name\": \"characteristic value\", \"object\": \"\\u041c\\u0430\\u0442\\u0435\\u0440\\u0438\\u0430\\u043b: \\u041e\\u0441\\u0438\\u043d\\u0430\"}}]"
    }
},
{
    "model": "admin.logentry",
    "pk": 86,
    "fields": {
        "action_time": "2024-09-24T20:04:38.189Z",
        "user": [
            "test@test.test"
        ],
        "content_type": [
            "products",
            "characteristic"
        ],
        "object_id": "2",
        "object_repr": "Влажность",
        "action_flag": 1,
        "change_message": "[{\"added\": {}}, {\"added\": {\"name\": \"characteristic value\", \"object\": \"\\u0412\\u043b\\u0430\\u0436\\u043d\\u043e\\u0441\\u0442\\u044c: 10 %\"}}, {\"added\": {\"name\": \"characteristic value\", \"object\": \"\\u0412\\u043b\\u0430\\u0436\\u043d\\u043e\\u0441\\u0442\\u044c: \\u0434\\u043e 28%\"}}]"
    }
},
{
    "model": "admin.logentry",
    "pk": 87,
    "fields": {
        "action_time": "2024-09-24T20:06:20.303Z",
        "user": [
            "test@test.test"
        ],
        "content_type": [
            "products",
            "characteristic"
        ],
        "object_id": "3",
        "object_repr": "Длина (м)",
        "action_flag": 1,
        "change_message": "[{\"added\": {}}, {\"added\": {\"name\": \"characteristic value\", \"object\": \"\\u0414\\u043b\\u0438\\u043d\\u0430 (\\u043c): 6\"}}, {\"added\": {\"name\": \"characteristic value\", \"object\": \"\\u0414\\u043b\\u0438\\u043d\\u0430 (\\u043c): 4\"}}, {\"added\": {\"name\": \"characteristic value\", \"object\": \"\\u0414\\u043b\\u0438\\u043d\\u0430 (\\u043c): 3\"}}, {\"added\": {\"name\": \"characteristic value\", \"object\": \"\\u0414\\u043b\\u0438\\u043d\\u0430 (\\u043c): 2.7\"}}, {\"added\": {\"name\": \"characteristic value\", \"object\": \"\\u0414\\u043b\\u0438\\u043d\\u0430 (\\u043c): 2.5\"}}, {\"added\": {\"name\": \"characteristic value\", \"object\": \"\\u0414\\u043b\\u0438\\u043d\\u0430 (\\u043c): 2.4\"}}]"
    }
},
{
    "model": "admin.logentry",
    "pk": 88,
    "fields": {
        "action_time": "2024-09-24T20:06:33.408Z",
        "user": [
            "test@test.test"
        ],
        "content_type": [
            "products",
            "characteristic"
        ],
        "object_id": "3",
        "object_repr": "Длина (м)",
        "action_flag": 2,
        "change_message": "[]"
    }
},
{
    "model": "admin.logentry",
    "pk": 89,
    "fields": {
        "action_time": "2024-09-24T20:07:43.150Z",
        "user": [
            "test@test.test"
        ],
        "content_type": [
            "products",
            "characteristic"
        ],
        "object_id": "4",
        "object_repr": "Ширина (мм)",
        "action_flag": 1,
        "change_message": "[{\"added\": {}}, {\"added\": {\"name\": \"characteristic value\", \"object\": \"\\u0428\\u0438\\u0440\\u0438\\u043d\\u0430 (\\u043c\\u043c): 96\"}}, {\"added\": {\"name\": \"characteristic value\", \"object\": \"\\u0428\\u0438\\u0440\\u0438\\u043d\\u0430 (\\u043c\\u043c): 100\"}}, {\"added\": {\"name\": \"characteristic value\", \"object\": \"\\u0428\\u0438\\u0440\\u0438\\u043d\\u0430 (\\u043c\\u043c): 150\"}}, {\"added\": {\"name\": \"characteristic value\", \"object\": \"\\u0428\\u0438\\u0440\\u0438\\u043d\\u0430 (\\u043c\\u043c): 200\"}}]"
    }
},
{
    "model": "admin.logentry",
    "pk": 90,
    "fields": {
        "action_time": "2024-09-24T20:08:49.812Z",
        "user": [
            "test@test.test"
        ],
        "content_type": [
            "products",
            "characteristic"
        ],
        "object_id": "5",
        "object_repr": "Толщина (мм)",
        "action_flag": 1,
        "change_message": "[{\"added\": {}}, {\"added\": {\"name\": \"characteristic value\", \"object\": \"\\u0422\\u043e\\u043b\\u0449\\u0438\\u043d\\u0430 (\\u043c\\u043c): 150\"}}, {\"added\": {\"name\": \"characteristic value\", \"object\": \"\\u0422\\u043e\\u043b\\u0449\\u0438\\u043d\\u0430 (\\u043c\\u043c): 100\"}}, {\"added\": {\"name\": \"characteristic value\", \"object\": \"\\u0422\\u043e\\u043b\\u0449\\u0438\\u043d\\u0430 (\\u043c\\u043c): 50\"}}, {\"added\": {\"name\": \"characteristic value\", \"object\": \"\\u0422\\u043e\\u043b\\u0449\\u0438\\u043d\\u0430 (\\u043c\\u043c): 30\"}}, {\"added\": {\"name\": \"characteristic value\", \"object\": \"\\u0422\\u043e\\u043b\\u0449\\u0438\\u043d\\u0430 (\\u043c\\u043c): 25\"}}, {\"added\": {\"name\": \"characteristic value\", \"object\": \"\\u0422\\u043e\\u043b\\u0449\\u0438\\u043d\\u0430 (\\u043c\\u043c): 40\"}}]"
    }
},
{
    "model": "admin.logentry",
    "pk": 91,
    "fields": {
        "action_time": "2024-09-24T20:09:44.188Z",
        "user": [
            "test@test.test"
        ],
        "content_type": [
            "products",
            "product"
        ],
        "object_id": "1",
        "object_repr": "test 1",
        "action_flag": 2,
        "change_message": "[{\"added\": {\"name\": \"product characteristic\", \"object\": \"test 1 - \\u041c\\u0430\\u0442\\u0435\\u0440\\u0438\\u0430\\u043b: \\u0421\\u043e\\u0441\\u043d\\u0430\"}}, {\"added\": {\"name\": \"product characteristic\", \"object\": \"test 1 - \\u0412\\u043b\\u0430\\u0436\\u043d\\u043e\\u0441\\u0442\\u044c: 10 %\"}}, {\"added\": {\"name\": \"product characteristic\", \"object\": \"test 1 - \\u0414\\u043b\\u0438\\u043d\\u0430 (\\u043c): 6\"}}, {\"added\": {\"name\": \"product characteristic\", \"object\": \"test 1 - \\u0428\\u0438\\u0440\\u0438\\u043d\\u0430 (\\u043c\\u043c): 100\"}}, {\"added\": {\"name\": \"product characteristic\", \"object\": \"test 1 - \\u0422\\u043e\\u043b\\u0449\\u0438\\u043d\\u0430 (\\u043c\\u043c): 150\"}}]"
    }
},
{
    "model": "admin.logentry",
    "pk": 92,
    "fields": {
        "action_time": "2024-09-24T20:10:32.449Z",
        "user": [
            "test@test.test"
        ],
        "content_type": [
            "products",
            "product"
        ],
        "object_id": "10",
        "object_repr": "test 10",
        "action_flag": 2,
        "change_message": "[{\"added\": {\"name\": \"product characteristic\", \"object\": \"test 10 - \\u041c\\u0430\\u0442\\u0435\\u0440\\u0438\\u0430\\u043b: \\u041e\\u0441\\u0438\\u043d\\u0430\"}}, {\"added\": {\"name\": \"product characteristic\", \"object\": \"test 10 - \\u0412\\u043b\\u0430\\u0436\\u043d\\u043e\\u0441\\u0442\\u044c: \\u0434\\u043e 28%\"}}, {\"added\": {\"name\": \"product characteristic\", \"object\": \"test 10 - \\u0414\\u043b\\u0438\\u043d\\u0430 (\\u043c): 6\"}}, {\"added\": {\"name\": \"product characteristic\", \"object\": \"test 10 - \\u0428\\u0438\\u0440\\u0438\\u043d\\u0430 (\\u043c\\u043c): 96\"}}, {\"added\": {\"name\": \"product characteristic\", \"object\": \"test 10 - \\u0422\\u043e\\u043b\\u0449\\u0438\\u043d\\u0430 (\\u043c\\u043c): 150\"}}]"
    }
},
{
    "model": "admin.logentry",
    "pk": 93,
    "fields": {
        "action_time": "2024-09-24T20:11:02.903Z",
        "user": [
            "test@test.test"
        ],
        "content_type": [
            "products",
            "product"
        ],
        "object_id": "11",
        "object_repr": "test 11",
        "action_flag": 2,
        "change_message": "[{\"added\": {\"name\": \"product characteristic\", \"object\": \"test 11 - \\u041c\\u0430\\u0442\\u0435\\u0440\\u0438\\u0430\\u043b: \\u0421\\u043e\\u0441\\u043d\\u0430\"}}, {\"added\": {\"name\": \"product characteristic\", \"object\": \"test 11 - \\u0412\\u043b\\u0430\\u0436\\u043d\\u043e\\u0441\\u0442\\u044c: \\u0434\\u043e 28%\"}}, {\"added\": {\"name\": \"product characteristic\", \"object\": \"test 11 - \\u0414\\u043b\\u0438\\u043d\\u0430 (\\u043c): 3\"}}, {\"added\": {\"name\": \"product characteristic\", \"object\": \"test 11 - \\u0428\\u0438\\u0440\\u0438\\u043d\\u0430 (\\u043c\\u043c): 150\"}}, {\"added\": {\"name\": \"product characteristic\", \"object\": \"test 11 - \\u0422\\u043e\\u043b\\u0449\\u0438\\u043d\\u0430 (\\u043c\\u043c): 30\"}}]"
    }
},
{
    "model": "admin.logentry",
    "pk": 94,
    "fields": {
        "action_time": "2024-09-24T20:11:35.975Z",
        "user": [
            "test@test.test"
        ],
        "content_type": [
            "products",
            "product"
        ],
        "object_id": "13",
        "object_repr": "test 13",
        "action_flag": 2,
        "change_message": "[{\"added\": {\"name\": \"product characteristic\", \"object\": \"test 13 - \\u041c\\u0430\\u0442\\u0435\\u0440\\u0438\\u0430\\u043b: \\u0421\\u043e\\u0441\\u043d\\u0430\"}}, {\"added\": {\"name\": \"product characteristic\", \"object\": \"test 13 - \\u0412\\u043b\\u0430\\u0436\\u043d\\u043e\\u0441\\u0442\\u044c: 10 %\"}}, {\"added\": {\"name\": \"product characteristic\", \"object\": \"test 13 - \\u0414\\u043b\\u0438\\u043d\\u0430 (\\u043c): 2.4\"}}, {\"added\": {\"name\": \"product characteristic\", \"object\": \"test 13 - \\u0428\\u0438\\u0440\\u0438\\u043d\\u0430 (\\u043c\\u043c): 200\"}}, {\"added\": {\"name\": \"product characteristic\", \"object\": \"test 13 - \\u0422\\u043e\\u043b\\u0449\\u0438\\u043d\\u0430 (\\u043c\\u043c): 50\"}}]"
    }
},
{
    "model": "admin.logentry",
    "pk": 95,
    "fields": {
        "action_time": "2024-09-24T20:12:12.576Z",
        "user": [
            "test@test.test"
        ],
        "content_type": [
            "products",
            "characteristic"
        ],
        "object_id": "6",
        "object_repr": "Упаковка",
        "action_flag": 1,
        "change_message": "[{\"added\": {}}, {\"added\": {\"name\": \"characteristic value\", \"object\": \"\\u0423\\u043f\\u0430\\u043a\\u043e\\u0432\\u043a\\u0430: 1 \\u0448\\u0442\"}}]"
    }
},
{
    "model": "admin.logentry",
    "pk": 96,
    "fields": {
        "action_time": "2024-09-24T20:12:26.142Z",
        "user": [
            "test@test.test"
        ],
        "content_type": [
            "products",
            "product"
        ],
        "object_id": "1",
        "object_repr": "test 1",
        "action_flag": 2,
        "change_message": "[{\"added\": {\"name\": \"product characteristic\", \"object\": \"test 1 - \\u0423\\u043f\\u0430\\u043a\\u043e\\u0432\\u043a\\u0430: 1 \\u0448\\u0442\"}}]"
    }
},
{
    "model": "admin.logentry",
    "pk": 97,
    "fields": {
        "action_time": "2024-09-28T08:43:24.671Z",
        "user": [
            "test@test.test"
        ],
        "content_type": [
            "products",
            "product"
        ],
        "object_id": "1",
        "object_repr": "test 1",
        "action_flag": 2,
        "change_message": "[{\"changed\": {\"fields\": [\"Quantity\", \"Custom url\", \"Price per unit\", \"Price per cubic meter\"]}}, {\"added\": {\"name\": \"product image\", \"object\": \"ProductImage object (1)\"}}, {\"added\": {\"name\": \"product image\", \"object\": \"ProductImage object (2)\"}}, {\"added\": {\"name\": \"product image\", \"object\": \"ProductImage object (3)\"}}]"
    }
},
{
    "model": "admin.logentry",
    "pk": 98,
    "fields": {
        "action_time": "2024-09-28T08:48:15.551Z",
        "user": [
            "test@test.test"
        ],
        "content_type": [
            "products",
            "product"
        ],
        "object_id": "11",
        "object_repr": "test 11",
        "action_flag": 2,
        "change_message": "[{\"changed\": {\"fields\": [\"Custom url\", \"Price per unit\", \"Price per cubic meter\"]}}, {\"added\": {\"name\": \"product image\", \"object\": \"ProductImage object (4)\"}}, {\"added\": {\"name\": \"product image\", \"object\": \"ProductImage object (5)\"}}]"
    }
},
{
    "model": "admin.logentry",
    "pk": 99,
    "fields": {
        "action_time": "2024-09-28T15:40:09.081Z",
        "user": [
            "test@test.test"
        ],
        "content_type": [
            "products",
            "producttype"
        ],
        "object_id": "2",
        "object_repr": "Брус",
        "action_flag": 2,
        "change_message": "[{\"changed\": {\"fields\": [\"Slug\"]}}]"
    }
},
{
    "model": "admin.logentry",
    "pk": 100,
    "fields": {
        "action_time": "2024-09-28T15:42:11.323Z",
        "user": [
            "test@test.test"
        ],
        "content_type": [
            "products",
            "producttype"
        ],
        "object_id": "1",
        "object_repr": "Доска обрезная",
        "action_flag": 2,
        "change_message": "[{\"changed\": {\"fields\": [\"Slug\"]}}]"
    }
},
{
    "model": "admin.logentry",
    "pk": 101,
    "fields": {
        "action_time": "2024-09-28T15:42:22.476Z",
        "user": [
            "test@test.test"
        ],
        "content_type": [
            "products",
            "producttype"
        ],
        "object_id": "7",
        "object_repr": "Доска обрезная ТУ",
        "action_flag": 2,
        "change_message": "[{\"changed\": {\"fields\": [\"Slug\"]}}]"
    }
},
{
    "model": "admin.logentry",
    "pk": 102,
    "fields": {
        "action_time": "2024-09-28T15:42:33.203Z",
        "user": [
            "test@test.test"
        ],
        "content_type": [
            "products",
            "producttype"
        ],
        "object_id": "6",
        "object_repr": "Половаая доска",
        "action_flag": 2,
        "change_message": "[{\"changed\": {\"fields\": [\"Slug\"]}}]"
    }
},
{
    "model": "admin.logentry",
    "pk": 103,
    "fields": {
        "action_time": "2024-09-28T15:42:48.362Z",
        "user": [
            "test@test.test"
        ],
        "content_type": [
            "products",
            "producttype"
        ],
        "object_id": "5",
        "object_repr": "Евровагонка",
        "action_flag": 2,
        "change_message": "[{\"changed\": {\"fields\": [\"Slug\"]}}]"
    }
},
{
    "model": "admin.logentry",
    "pk": 104,
    "fields": {
        "action_time": "2024-09-28T15:43:53.274Z",
        "user": [
            "test@test.test"
        ],
        "content_type": [
            "products",
            "producttype"
        ],
        "object_id": "4",
        "object_repr": "Блок-хаус",
        "action_flag": 2,
        "change_message": "[{\"changed\": {\"fields\": [\"Slug\"]}}]"
    }
},
{
    "model": "admin.logentry",
    "pk": 105,
    "fields": {
        "action_time": "2024-09-28T15:44:03.381Z",
        "user": [
            "test@test.test"
        ],
        "content_type": [
            "products",
            "producttype"
        ],
        "object_id": "3",
        "object_repr": "Имитация бруса",
        "action_flag": 2,
        "change_message": "[{\"changed\": {\"fields\": [\"Slug\"]}}]"
    }
},
{
    "model": "admin.logentry",
    "pk": 106,
    "fields": {
        "action_time": "2024-09-29T08:45:27.691Z",
        "user": [
            "test@test.test"
        ],
        "content_type": [
            "products",
            "producttype"
        ],
        "object_id": "2",
        "object_repr": "Брус",
        "action_flag": 2,
        "change_message": "[{\"changed\": {\"fields\": [\"Slug\"]}}]"
    }
},
{
    "model": "admin.logentry",
    "pk": 107,
    "fields": {
        "action_time": "2024-09-29T14:42:21.126Z",
        "user": [
            "test@test.test"
        ],
        "content_type": [
            "products",
            "product"
        ],
        "object_id": "1",
        "object_repr": "test 1",
        "action_flag": 2,
        "change_message": "[{\"deleted\": {\"name\": \"product image\", \"object\": \"ProductImage object (None)\"}}, {\"deleted\": {\"name\": \"product image\", \"object\": \"ProductImage object (None)\"}}, {\"deleted\": {\"name\": \"product image\", \"object\": \"ProductImage object (None)\"}}]"
    }
},
{
    "model": "admin.logentry",
    "pk": 108,
    "fields": {
        "action_time": "2024-09-29T14:42:56.009Z",
        "user": [
            "test@test.test"
        ],
        "content_type": [
            "products",
            "product"
        ],
        "object_id": "1",
        "object_repr": "test 1",
        "action_flag": 2,
        "change_message": "[{\"added\": {\"name\": \"product image\", \"object\": \"ProductImage object (6)\"}}, {\"added\": {\"name\": \"product image\", \"object\": \"ProductImage object (7)\"}}, {\"added\": {\"name\": \"product image\", \"object\": \"ProductImage object (8)\"}}]"
    }
},
{
    "model": "admin.logentry",
    "pk": 109,
    "fields": {
        "action_time": "2024-10-01T11:23:08.055Z",
        "user": [
            "test@test.test"
        ],
        "content_type": [
            "products",
            "product"
        ],
        "object_id": "1",
        "object_repr": "Доска обрезная сухая строганная 45*145*6м",
        "action_flag": 2,
        "change_message": "[{\"changed\": {\"fields\": [\"Title\"]}}]"
    }
},
{
    "model": "admin.logentry",
    "pk": 110,
    "fields": {
        "action_time": "2024-10-02T08:24:24.643Z",
        "user": [
            "test@test.test"
        ],
        "content_type": [
            "products",
            "product"
        ],
        "object_id": "11",
        "object_repr": "test 11",
        "action_flag": 2,
        "change_message": "[{\"changed\": {\"fields\": [\"Quantity\"]}}]"
    }
},
{
    "model": "admin.logentry",
    "pk": 111,
    "fields": {
        "action_time": "2024-10-06T20:25:37.943Z",
        "user": [
            "test@test.test"
        ],
        "content_type": [
            "products",
            "product"
        ],
        "object_id": "12",
        "object_repr": "test 12",
        "action_flag": 2,
        "change_message": "[{\"changed\": {\"fields\": [\"Price per unit\", \"Price per linear meter\"]}}]"
    }
},
{
    "model": "admin.logentry",
    "pk": 112,
    "fields": {
        "action_time": "2024-10-06T20:27:47.250Z",
        "user": [
            "test@test.test"
        ],
        "content_type": [
            "products",
            "product"
        ],
        "object_id": "12",
        "object_repr": "Брус сухой строганный 30х70х3м",
        "action_flag": 2,
        "change_message": "[{\"changed\": {\"fields\": [\"Title\", \"Custom url\"]}}, {\"added\": {\"name\": \"product characteristic\", \"object\": \"\\u0411\\u0440\\u0443\\u0441 \\u0441\\u0443\\u0445\\u043e\\u0439 \\u0441\\u0442\\u0440\\u043e\\u0433\\u0430\\u043d\\u043d\\u044b\\u0439 30\\u044570\\u04453\\u043c - \\u041c\\u0430\\u0442\\u0435\\u0440\\u0438\\u0430\\u043b: \\u0421\\u043e\\u0441\\u043d\\u0430\"}}, {\"added\": {\"name\": \"product characteristic\", \"object\": \"\\u0411\\u0440\\u0443\\u0441 \\u0441\\u0443\\u0445\\u043e\\u0439 \\u0441\\u0442\\u0440\\u043e\\u0433\\u0430\\u043d\\u043d\\u044b\\u0439 30\\u044570\\u04453\\u043c - \\u0412\\u043b\\u0430\\u0436\\u043d\\u043e\\u0441\\u0442\\u044c: 10 %\"}}, {\"added\": {\"name\": \"product characteristic\", \"object\": \"\\u0411\\u0440\\u0443\\u0441 \\u0441\\u0443\\u0445\\u043e\\u0439 \\u0441\\u0442\\u0440\\u043e\\u0433\\u0430\\u043d\\u043d\\u044b\\u0439 30\\u044570\\u04453\\u043c - \\u0423\\u043f\\u0430\\u043a\\u043e\\u0432\\u043a\\u0430: 1 \\u0448\\u0442\"}}, {\"added\": {\"name\": \"product characteristic\", \"object\": \"\\u0411\\u0440\\u0443\\u0441 \\u0441\\u0443\\u0445\\u043e\\u0439 \\u0441\\u0442\\u0440\\u043e\\u0433\\u0430\\u043d\\u043d\\u044b\\u0439 30\\u044570\\u04453\\u043c - \\u0428\\u0438\\u0440\\u0438\\u043d\\u0430 (\\u043c\\u043c): 96\"}}, {\"added\": {\"name\": \"product image\", \"object\": \"ProductImage object (9)\"}}, {\"added\": {\"name\": \"product image\", \"object\": \"ProductImage object (10)\"}}]"
    }
},
{
    "model": "admin.logentry",
    "pk": 113,
    "fields": {
        "action_time": "2024-10-06T20:45:21.941Z",
        "user": [
            "test@test.test"
        ],
        "content_type": [
            "products",
            "product"
        ],
        "object_id": "12",
        "object_repr": "Брус сухой строганный 30х70х3м",
        "action_flag": 2,
        "change_message": "[{\"changed\": {\"fields\": [\"Price\", \"Quantity\"]}}]"
    }
}
]
